title,company,location,link
"Apple Media Products Engineering- Analytics UI Frameworks, JavaScript",Apple,"Cupertino, CA",https://stackoverflow.com/jobs/387937
Senior Software Engineer (F/H/X),Doctolib,"Levallois-Perret, France",https://stackoverflow.com/jobs/407486
(Senior) Frontend Developer,Dept Agency GmbHviaAnnapurna Recruitment,"Berlin, Germany",https://stackoverflow.com/jobs/407480
Senior Software Engineer,Pedigree Technologies,"Fargo, ND",https://stackoverflow.com/jobs/275888
Senior Fullstack-Entwickler (w/m/d) am Standort Berlin,Hochfrequenz Unternehmensberatung GmbH,"Berlin, Deutschland",https://stackoverflow.com/jobs/358244
UI / Front End Engineer - Apple Employee Systems,Apple,"Cupertino, CA",https://stackoverflow.com/jobs/407442
"가상자산(암호화폐) 거래소 고팍스(GOPAX) (신입, 경력) 프론트엔드 엔지니어 모집",Streami Inc.,"Seoul, South Korea",https://stackoverflow.com/jobs/332554
フロントエンドエンジニア,株式会社LOB,"Minato City, Japan",https://stackoverflow.com/jobs/378280
Développeur full-stack,GO2ROUES,No office location,https://stackoverflow.com/jobs/407409
Laravel Developer,SAS CORP,,https://stackoverflow.com/jobs/394057
PHP- Laravel Developer,XPERTICA TECHNOLOGIES PVT LTD,"Kolkata, India",https://stackoverflow.com/jobs/407380
Mobile App Developer (Flutter),MYRIAD SOLUTIONZ,"Ahmedabad, India",https://stackoverflow.com/jobs/403241
開発エンジニア,株式会社Jストリーム,"Fukuoka, Japan",https://stackoverflow.com/jobs/312072
UI/UXデザイナー,株式会社Widsley,"Shibuya City, Japan",https://stackoverflow.com/jobs/388734
WEB名刺発注システム開発要件定義 (印刷会社でのお仕事です直接雇用あり) PHP,株式会社スタッフサービス,"Osaka, Japan",https://stackoverflow.com/jobs/370480
株式会社VOYAGE GROUP PORTO tv事業本部 アプリケーションエンジニア,株式会社VOYAGE GROUP,"Shibuya City, Japan",https://stackoverflow.com/jobs/388724
AWSエンジニア/リプレイス,ベルフェイス株式会社,"Minato City, Japan",https://stackoverflow.com/jobs/407363
ソフトウェアエンジニア,株式会社クイック,"Minato City, Japan",https://stackoverflow.com/jobs/388702
エンジニアリングマネージャー,株式会社クイック,"Minato City, Japan",https://stackoverflow.com/jobs/388696
サーバーサイドエンジニア(フィンテック)/インターネット/Webサービス・ASP,株式会社 Relic,"Shibuya City, Japan",https://stackoverflow.com/jobs/402843
(Go/PHP)公営競技サービスサーバーサイド開発案件,レバテック株式会社,"Minato City, Japan",https://stackoverflow.com/jobs/388685
エンジニアリングマネージャー,株式会社うるる,"Chuo City, Japan",https://stackoverflow.com/jobs/396675
その他コンピュータ関連職,株式会社FAN・DREAM,"Meguro City, Japan",https://stackoverflow.com/jobs/396673
65万/Python/Java/某でんきアプリ開発,株式会社ビズリンク,"Shinjuku City, Japan",https://stackoverflow.com/jobs/396629
Frontend Developer,Banjo,"South Jordan, UT",https://stackoverflow.com/jobs/345274
Full Stack Developer Mobile Gaming (m/w/d),Lotum GmbH,"Bad Nauheim, Deutschland",https://stackoverflow.com/jobs/372990
Senior Web Engineer,Bushel,"St. Petersburg, FL",https://stackoverflow.com/jobs/371225
"Senior Front End Developer (TS, React) for Simulation Platform",Improbable,"London, UK",https://stackoverflow.com/jobs/390671
"Team Lead, System Development",Mandatum Life,"Helsinki, Finland",https://stackoverflow.com/jobs/396562
Software Architect to drive building modern financial business,Mandatum Life,"Helsinki, Finland",https://stackoverflow.com/jobs/396561
Senior Software Engineer (f/m/d) Angular,Verivox GmbH,"Heidelberg, Deutschland",https://stackoverflow.com/jobs/165583
"Senior/Lead Software Engineer, passion for building FinTech solutions",Mandatum Life,"Helsinki, Finland",https://stackoverflow.com/jobs/396513
フロントエンドエンジニア,株式会社スマートショッピング,"Shinagawa City, Japan",https://stackoverflow.com/jobs/370396
紹介予定派遣/天六駅チカ WEB名刺発注システムに関する一連業務 PHP,株式会社スタッフサービス　エンジニアガイド,"Osaka, Japan",https://stackoverflow.com/jobs/370378
《モバイルアプリエンジニア》/SaaSソリューション,株式会社RevComm,"Shibuya City, Japan",https://stackoverflow.com/jobs/370351
《大阪自社勤務》開発エンジニア　/動画共有サービスの開発,インフォームシステム株式会社,"Osaka, Japan",https://stackoverflow.com/jobs/319436
最先端技術研究/企画/開発フルスタックエンジニア,株式会社Widsley,"Shibuya City, Japan",https://stackoverflow.com/jobs/388409
フロントエンド エンジニア,株式会社スマレジ,"Osaka, Japan",https://stackoverflow.com/jobs/310576
エンジニア,マインドフリー株式会社,"Osaka, Japan",https://stackoverflow.com/jobs/334770
(Senior) Web/Mobile Developer (m/w/d),Lotum GmbH,"Frankfurt am Main, Deutschland",https://stackoverflow.com/jobs/372988
Senior PHP Developer,Sourcetoad,"Tampa, FL",https://stackoverflow.com/jobs/370174
Agile Developer & Senior Architect Developer,Ericsson,"Karlskrona, Sweden",https://stackoverflow.com/jobs/396268
Backend developer to build robust systems with Kotlin,Shape A/S,"København, Denmark",https://stackoverflow.com/jobs/370009
Software Engineer,Centre for Strategic Infocomm Technologies (CSIT),Singapore,https://stackoverflow.com/jobs/345130
Frontend developer React,VIKTOR,"Delft, Netherlands",https://stackoverflow.com/jobs/388222
Senior Front-end / JS Developer,iubenda,"Milan, Italy",https://stackoverflow.com/jobs/396259
Senior Frontend Web Developer (m/w/x),Flagbit GmbH & Co. KG,"Karlsruhe, Deutschland",https://stackoverflow.com/jobs/183457
PHP,附近网络科技,"Suzuka, Japan",https://stackoverflow.com/jobs/356746
フロントエンドエンジニア,株式会社RevComm,"Shibuya City, Japan",https://stackoverflow.com/jobs/369919
PHP Developer,Primitive Brain Innovations Pvt Ltd,"Hyderabad, India",https://stackoverflow.com/jobs/407092
Senior Web Developer,HC Recruitment,"Pune, India",https://stackoverflow.com/jobs/407066
フロントエンドエンジニア/上場IT企業,株式会社クリエアナブキ,"Osaka, Japan",https://stackoverflow.com/jobs/369856
PHP Developer/Web Developer/Programmer,Bakuun.com Support and Services Pvt Ltd.,"Pune, India",https://stackoverflow.com/jobs/407059
Software Developer,Azeus Group of Companies,"Noida, India",https://stackoverflow.com/jobs/369802
Azure Developer /Admin,IT Business Management Solutions India Private Limited,"Bengaluru, India",https://stackoverflow.com/jobs/388194
技術の力で働くひとの健康を創りませんか!ヘルスケア　フロントエンジニア/インターネット/Webサービス・ASP,株式会社 iCARE,"Shibuya City, Japan",https://stackoverflow.com/jobs/356477
技術の力で働くひとの健康を創りませんか!ヘルステックサービス【テックリード】/インターネット/Webサービス・ASP,株式会社 iCARE,"Shibuya City, Japan",https://stackoverflow.com/jobs/407023
暗号資産取引所のバックエンドエンジニアを募集!,コインチェック株式会社,"Shibuya City, Japan",https://stackoverflow.com/jobs/407022
テック×マーケ領域/リードエンジニア//年収600万円可/賞与4回/六本木駅近,株式会社EVERRISE,"Minato City, Japan",https://stackoverflow.com/jobs/318470
エンジニア,株式会社アグリメディア,"Shinjuku City, Japan",https://stackoverflow.com/jobs/310358
サーバーサイドエンジニア,株式会社リブセンス,"Shinagawa City, Japan",https://stackoverflow.com/jobs/379405
エンジニア,フェンリル株式会社,"Shinagawa City, Japan",https://stackoverflow.com/jobs/379795
Webアプリ開発,テクノヒューマンパワー株式会社,"Shibuya City, Japan",https://stackoverflow.com/jobs/376094
フロントエンドエンジニア,株式会社リブセンス,"Shinagawa City, Japan",https://stackoverflow.com/jobs/400565
SE,type転職エージェント,"Chiyoda City, Japan",https://stackoverflow.com/jobs/310052
エンジニア/リーダー,ビッグローブ株式会社,"Shinagawa City, Japan",https://stackoverflow.com/jobs/328689
SE,株式会社フロムスクラッチ,"Shinjuku City, Japan",https://stackoverflow.com/jobs/403190
フロントエンドエンジニア,LINE Fukuoka 株式会社,"Fukuoka, Japan",https://stackoverflow.com/jobs/316801
フロントエンドエンジニア,LINE株式会社,"Fukuoka, Japan",https://stackoverflow.com/jobs/369702
システムエンジニア、プログラマー,株式会社アシュマド,"Yokohama, Japan",https://stackoverflow.com/jobs/406968
《関西》モバイルエクスペリエンスエンジニア《WEB面接可》,アクセンチュア株式会社,"Osaka, Japan",https://stackoverflow.com/jobs/399078
自社開発のシステムを用いて営業においてイノベーションを起こしている企業のWebエンジニアの求人情報,ベルフェイス株式会社,"Minato City, Japan",https://stackoverflow.com/jobs/406932
Webエンジニア / リプレイス,ベルフェイス株式会社,"Minato City, Japan",https://stackoverflow.com/jobs/406931
プログラマー、SE、保守運用(福岡)/インターネット/Webサービス・ASP,株式会社 アクシス,"Fukuoka, Japan",https://stackoverflow.com/jobs/401900
[急募] ≪正社員 年収600万円↑≫ウェアラブル系サーバーエンジニア,株式会社マイナビワークス(マイナビスタッフ),"Osaka, Japan",https://stackoverflow.com/jobs/396175
(Senior) Software Developer (m/w/d),Just Spices GmbH,"Düsseldorf, Deutschland",https://stackoverflow.com/jobs/381312
バックエンドエンジニア,株式会社LHL,"Shinjuku City, Japan",https://stackoverflow.com/jobs/396140
Senior Software Engineer (Frontend) - Reimagine the property industry,Zoopla,"London, UK",https://stackoverflow.com/jobs/387983
Senior Full Stack Python Engineer,RippleMatch,"New York, NY",https://stackoverflow.com/jobs/348517
Senior Cloud Ops Engineer,"Unanet, Inc.","Sterling, VA",https://stackoverflow.com/jobs/406883
GU Webデベロッパー / Web Developer,株式会社ユニクロ,"Koto City, Japan",https://stackoverflow.com/jobs/310241
メディアシステム開発/テックリード,レバレジーズ株式会社,"Shibuya City, Japan",https://stackoverflow.com/jobs/310219
バックエンドエンジニア,株式会社MONOKROM,"Shibuya City, Japan",https://stackoverflow.com/jobs/310218
ソフトウェアエンジニア(フロントエンド)/管理職候補,レバレジーズ株式会社,"Shibuya City, Japan",https://stackoverflow.com/jobs/310210
ソフトウェアエンジニア(フロントエンド),レバレジーズ株式会社,"Shibuya City, Japan",https://stackoverflow.com/jobs/310162
Jr Python Developer,AppEvolve,No office location,https://stackoverflow.com/jobs/406879
PHP developer,Gambling.com Group,"Dublin 2, Ireland",https://stackoverflow.com/jobs/308838
Senior Software Engineer (React/Java),Pinnacle 21,"Blue Bell, PA",https://stackoverflow.com/jobs/262299
Frontend-Entwickler / Frontend Developer (m/w/d),SVA System Vertrieb Alexander GmbH,"Wiesbaden, Deutschland",https://stackoverflow.com/jobs/374369
Senior Full Stack Software Developer- Remote,Upstack,No office location,https://stackoverflow.com/jobs/286028
Frontend Developer (m/w/d),Neofonie,"Berlin, Deutschland",https://stackoverflow.com/jobs/396069
PHP Entwickler (Backend oder Full Stack)(m/w/d),WunschGutschein,"Düsseldorf, Deutschland",https://stackoverflow.com/jobs/365530
Lead Frontend Developer,ABOUT YOU GmbH,"Hamburg, Deutschland",https://stackoverflow.com/jobs/396067
Full-stack Software Engineer Associate,One Acre Fund,"Kigali, Rwanda",https://stackoverflow.com/jobs/387886
Fullstack Developer (m/f),Sclable Business Solutions GmbH,"Wien, Österreich",https://stackoverflow.com/jobs/396059
Senior Software Engineer - Frontend (f/m/x),Architrave GmbH,"Berlin, Germany",https://stackoverflow.com/jobs/302596
Expert Software Engineer - Frontend (f/m/x),Architrave GmbH,"Berlin, Germany",https://stackoverflow.com/jobs/329055
"Front-End Developer (HTML, CSS, Vue.js, Animation)",Limesharp,"London, UK",https://stackoverflow.com/jobs/132347
Senior Web Developer,Axpo,"Madrid, Spain",https://stackoverflow.com/jobs/387878
Webアプリケーション開,株式会社言語サービス,"Yokohama, Japan",https://stackoverflow.com/jobs/377669
Front-end Web Developer,Canadian Centre for Child Protection,"Winnipeg, MB, Canada",https://stackoverflow.com/jobs/171155
フロントエンドエンジニア,type転職エージェント,"Shibuya City, Japan",https://stackoverflow.com/jobs/377640
ITエンジニア,JYJサンブリッジ株式会社,"Chuo City, Japan",https://stackoverflow.com/jobs/377619
PHP Developer,Roxaiser Technology Pvt Ltd,"Indore, India",https://stackoverflow.com/jobs/406821
Senior Data Scientist,Cubic Corporation,"Hyderabad, India",https://stackoverflow.com/jobs/405057
Javascript Developer,azularc,"Mumbai, India",https://stackoverflow.com/jobs/387870
Node.js Freelancer,West agile labs,"Hyderabad, India",https://stackoverflow.com/jobs/372056
データ分析エンジニア,パーソルキャリア株式会社,"Chiyoda City, Japan",https://stackoverflow.com/jobs/365843
【メンバー募集】Webプログラマー/インターネット/Webサービス・ASP,株式会社 コンビーズ,"Osaka, Japan",https://stackoverflow.com/jobs/402101
サービスアーキテクト,LINE株式会社,"Shinjuku City, Japan",https://stackoverflow.com/jobs/327628
CTO,type転職エージェント,"Shinjuku City, Japan",https://stackoverflow.com/jobs/406736
SE,エムスリーキャリア株式会社,"Minato City, Japan",https://stackoverflow.com/jobs/406735
SE,株式会社アンドパッド,"Chiyoda City, Japan",https://stackoverflow.com/jobs/382985
マークアップエンジニア,株式会社MONSTER DIVE,"Minato City, Japan",https://stackoverflow.com/jobs/384664
フロントエンドエンジニア,株式会社ゆめみ,"Kyoto, Japan",https://stackoverflow.com/jobs/364678
<正社員>VP of Engineer担当《本社正社員》,ユースタイルラボラトリー株式会社　本社,"Nakano City, Japan",https://stackoverflow.com/jobs/403201
データサイエンティスト,株式会社アンドパッド,"Chiyoda City, Japan",https://stackoverflow.com/jobs/381622
エンジニア(ジェネラル),日本タタ・コンサルタンシー・サービシズ株式会社,"Minato City, Japan",https://stackoverflow.com/jobs/318661
Tech Lead,エムスリー株式会社,"Minato City, Japan",https://stackoverflow.com/jobs/340162
社内SE《兵庫》,株式会社がまかつ,"Nishiwaki, Japan",https://stackoverflow.com/jobs/395870
リード・フロントエンドエンジニア,株式会社ゆめみ,"Kyoto, Japan",https://stackoverflow.com/jobs/395863
Principal Front-End Engineer - Team Lead (Vue.js),"Unanet, Inc.",No office location,https://stackoverflow.com/jobs/406698
Senior Web Developer - Help us teach kids to code!,Kodable,"San Diego, CA",https://stackoverflow.com/jobs/406687
Senior Full Stack Engineer - Help us teach kids to code!,Kodable,"San Diego, CA",https://stackoverflow.com/jobs/406686
Full Stack Software Engineer - Mobile Healthcare,Medsphere,No office location,https://stackoverflow.com/jobs/406291
Développeur C# / .NET H/F – Poste CDI – Lille,SkillValue,"Lille, France",https://stackoverflow.com/jobs/395711
Java Architect / Technical Lead,ELCA Informatique SA,,https://stackoverflow.com/jobs/395712
Sr Front End Developer (Angular / React),HaysviaHays plc,"Orlando, FL",https://stackoverflow.com/jobs/368896
Senior Frontend Developer,Telia Company,"Solna, Sweden",https://stackoverflow.com/jobs/395731
"Front-End Developer, Full-Time Job Bucharest",SkillValue,"Bucharest, Romania",https://stackoverflow.com/jobs/406665
Solution Architect,Telia Company,"Solna, Sweden",https://stackoverflow.com/jobs/395730
Front End Java Developer,Brazen Technologies,"Arlington, VA",https://stackoverflow.com/jobs/406662
"Frontend Developer (gn) JavaScript, HTML5, CSS3",4Com GmbH & Co. KG,"Hannover, Deutschland",https://stackoverflow.com/jobs/395728
Senior Frontend Web Developer (m/f),Mindbreeze,"Linz, Österreich",https://stackoverflow.com/jobs/278206
Junior Web Developer (Angular),ELCA Informatique SA,"Zürich, Switzerland",https://stackoverflow.com/jobs/395713
Software Engineer - mid-senior; python & javascript,Envelop Risk,"Bristol, UK",https://stackoverflow.com/jobs/355667
Full Stack Software Engineer (Vue.js & Django) (m/f/d),Limehome GmbH,"München, Germany",https://stackoverflow.com/jobs/238532
Project Developer JavaScript & PHP,FactSet,"Frankfurt, Germany",https://stackoverflow.com/jobs/406639
Développeur Front-end (H/F),Publicis Sapient Engineering,"Paris, France",https://stackoverflow.com/jobs/353625
Frontend Developer (Vue.js),EJN Corp.,"Tokyo, Japan",https://stackoverflow.com/jobs/331239
Frontend Developer (Vue or React),EJN Corp.,"Teheran-ro, South Korea",https://stackoverflow.com/jobs/331223
Senior Software Engineer (m/w) 80  100%,BlueCare AG,"Winterthur, Switzerland",https://stackoverflow.com/jobs/395693
Professional Software Engineer (m/w) 80  100%,BlueCare AG,"Winterthur, Switzerland",https://stackoverflow.com/jobs/395691
Web Front-end Architect / Technical Lead,ELCA Informatique SA,"Zürich, Switzerland",https://stackoverflow.com/jobs/395689
Java Developer,LMAX Group,"London, UK",https://stackoverflow.com/jobs/181651
【自社開発のみ / PG】経験者優遇!急成長中のBtoCマーケットプレイスを支えるPHPプログラマー募集,クムクム株式会社,"Minato City, Japan",https://stackoverflow.com/jobs/387675
サーバーサイド エンジニア,株式会社テコテック,"Minato City, Japan",https://stackoverflow.com/jobs/377437
Senior Full-Stack Developer*,inovex GmbH,"Hamburg, Deutschland",https://stackoverflow.com/jobs/238684
Senior Software Developer* mit Schwerpunkt Web Frontend,inovex GmbH,"Hamburg, Deutschland",https://stackoverflow.com/jobs/238737
システムエンジニア,株式会社テクトレージ,"Osaka, Japan",https://stackoverflow.com/jobs/395629
"Full-stack Developer (.NET/.NET Core, Vue.js)",VismaviaWork in Lithuania,"Vilnius, Lithuania",https://stackoverflow.com/jobs/395628
SREエンジニア,type転職エージェント,"Shinagawa City, Japan",https://stackoverflow.com/jobs/344680
【AWS】クラウドインフラエンジニア,株式会社ヴォーカーズ,"Shibuya City, Japan",https://stackoverflow.com/jobs/319558
Full Stack Php Developer,Zluck Solutions,"Surat, India",https://stackoverflow.com/jobs/406603
Core PHP Developer,Crest Infosystems Pvt. Ltd.,"Surat, India",https://stackoverflow.com/jobs/406590
Full Stack Developer/ Engineer,MNR Solutions Private Limited,"Hyderabad, India",https://stackoverflow.com/jobs/395225
Sr. PHP Developer,Augurs,"Lucknow, India",https://stackoverflow.com/jobs/377192
Senior DevOps Engineer,Nacelle,No office location,https://stackoverflow.com/jobs/406559
【Go/Vue/フルリモートOK!】自社プロダクト「ライクル」Webエンジニア,SO Technologies 株式会社,"Chiyoda City, Japan",https://stackoverflow.com/jobs/394979
SE,SO Technologies株式会社,"Chiyoda City, Japan",https://stackoverflow.com/jobs/406558
プロダクト開発/スクラムマスター,株式会社Phone Appli,"Minato City, Japan",https://stackoverflow.com/jobs/363865
SE,株式会社Apex,"Chiyoda City, Japan",https://stackoverflow.com/jobs/406555
開発リーダー,株式会社キュービック,"Shinjuku City, Japan",https://stackoverflow.com/jobs/363321
保育園完備 子連れ出勤OK 【ママエンジニア募集】ブランクありでもOK,チアーマザーズ株式会社,"Taito City, Japan",https://stackoverflow.com/jobs/340186
FEエンジニア・アルバイト(東京・CS),株式会社オロ,"Meguro City, Japan",https://stackoverflow.com/jobs/340581
Vue.js社内管理,株式会社ビーネックスソリューションズ,"Minato City, Japan",https://stackoverflow.com/jobs/406549
エンジニアリングマネージャー,株式会社アペルザ,"Yokohama, Japan",https://stackoverflow.com/jobs/349171
ウェブアプリケーションエンジニア,株式会社アペルザ,"Yokohama, Japan",https://stackoverflow.com/jobs/358148
テックリード,株式会社アペルザ,"Yokohama, Japan",https://stackoverflow.com/jobs/348737
フロントエンドエンジニア(プログラマー),株式会社　　エース,"Osaka, Japan",https://stackoverflow.com/jobs/309870
LAMP開発(基幹業務システム),株式会社キャリアデザインITパートナーズ,"Shibuya City, Japan",https://stackoverflow.com/jobs/401065
ベテランエンジニア活躍中 総合予約サイト 機能拡張・運用等(浜松町),株式会社ビーネックスソリューションズ,"Minato City, Japan",https://stackoverflow.com/jobs/406507
フロントエンドエンジニア(クラウドサイン),弁護士ドットコム株式会社,"Minato City, Japan",https://stackoverflow.com/jobs/406499
CRE(クラウドサイン),弁護士ドットコム株式会社,"Minato City, Japan",https://stackoverflow.com/jobs/406498
.Net Architect / Technical Lead,ELCA Informatique SA,"Zürich, Switzerland",https://stackoverflow.com/jobs/395513
Frontend Developer,ABOUT YOU GmbH,"Hamburg, Deutschland",https://stackoverflow.com/jobs/304349
.NET Developer,Bluebolt,"Chicago, IL",https://stackoverflow.com/jobs/181283
Remote Shopify Developer,Bluebolt,"Chicago, IL",https://stackoverflow.com/jobs/111292
"Senior Backend Developer (Node, Event-Driven)",Nacelle,No office location,https://stackoverflow.com/jobs/395509
Senior Java Developer who wants to make a difference,O'Reilly Auto Parts,No office location,https://stackoverflow.com/jobs/130997
Web Developer (m/f/d),VEACT GmbH,"München, Deutschland",https://stackoverflow.com/jobs/406444
"Frontend Software Engineer. Evangelist. Enthusiast (Java Script, HTML5) (m/f/x)",financial.com AG,"München, Deutschland",https://stackoverflow.com/jobs/285784
Lead Full Stack Developer,ABOUT YOU GmbH,"Hamburg, Deutschland",https://stackoverflow.com/jobs/366480
Team Leader Java Developer,Experis - ManpowerGroup,"Trieste, Italy",https://stackoverflow.com/jobs/330553
Robots in search for a Full Stack Javascript Developer (f/m) (Vienna/Cologne),Humanizing Technologies GmbH,"Wien, Austria",https://stackoverflow.com/jobs/351601
フルリモートエンジニア,株式会社プライムスタイル,"Bunkyo City, Japan",https://stackoverflow.com/jobs/340348
【インターンシップ】ゲーム エンタメ/芸能,株式会社ギャポリー,"Minato City, Japan",https://stackoverflow.com/jobs/375800
Java(SpringBoot)開発エンジニア(経験者),株式会社Value,"Shinjuku City, Japan",https://stackoverflow.com/jobs/406409
プロダクトマネージャー/インターネット/Webサービス・ASP,株式会社 フロムスクラッチ,"Shinjuku City, Japan",https://stackoverflow.com/jobs/357147
Webエンジニア(SaaS事業),アイスタイルグループ,"Minato City, Japan",https://stackoverflow.com/jobs/378911
リードエンジニア,アイスタイルグループ,"Minato City, Japan",https://stackoverflow.com/jobs/367374
プログラマー,株式会社 ワイズネット,"Chiyoda City, Japan",https://stackoverflow.com/jobs/316904
Webエンジニア,株式会社イマジカデジタルスケープ,"Osaka, Japan",https://stackoverflow.com/jobs/315032
アプリケーションエンジニア,アイレット株式会社,"Osaka, Japan",https://stackoverflow.com/jobs/319803
リードエンジニア(大阪勤務),シアトルコンサルティング株式会社,"Osaka, Japan",https://stackoverflow.com/jobs/316243
エンジニア,フェンリル株式会社,"Osaka, Japan",https://stackoverflow.com/jobs/379793
フロントエンドエンジニア,株式会社アジャイルウェア,"Osaka, Japan",https://stackoverflow.com/jobs/338380
その他、技術系,株式会社ユニクエスト,"Osaka, Japan",https://stackoverflow.com/jobs/406390
AI・画像処理・画像認識アルゴリズム開発エンジニア/インターネット/Webサービス・ASP,セーフィー 株式会社,"Shinagawa City, Japan",https://stackoverflow.com/jobs/388690
プロジェクトマネジャー・プロジェクトリーダー/モバイル/アプリサービス,株式会社 ソニックス,"Shinagawa City, Japan",https://stackoverflow.com/jobs/402871
Senior NodeJS back end software developer,Prometheum Inc.,"New York, NY",https://stackoverflow.com/jobs/218964
Software Engineer .NET,VX Company,"Baarn, Netherlands",https://stackoverflow.com/jobs/377088
Urgent Opening for PHP Laravel Web Development,Connect 4 Resources,"New Delhi, India",https://stackoverflow.com/jobs/387517
プロダクトマネージャー,株式会社フロムスクラッチ,"Shinjuku City, Japan",https://stackoverflow.com/jobs/377012
システム保守運用,株式会社フロムスクラッチ,"Fukuoka, Japan",https://stackoverflow.com/jobs/376982
Full Stack Developer (Laravel & vueJs),Soul Identity,"Pune, India",https://stackoverflow.com/jobs/406344
Fresher - PHP Developer (CodeIgniter),Yashaa Digital,"Pune, India",https://stackoverflow.com/jobs/406322
Senior Software Engineer .Net,Qualmids,"Hyderabad, India",https://stackoverflow.com/jobs/337138
Principal Software Engineer,Qualmids,"Hyderabad, India",https://stackoverflow.com/jobs/337103
Senior Software Developer,Titansoft Pte Ltd,Singapore,https://stackoverflow.com/jobs/285281
Senior UI Developer,SAN HR ADVISORS,"Pune, India",https://stackoverflow.com/jobs/368203
Senior iOS Engineer (Swift),Wisely,No office location,https://stackoverflow.com/jobs/406293
Senior Full-Stack Engineer (Vue/Node),Wisely,No office location,https://stackoverflow.com/jobs/405895
Mid-Senior Frontend Developer,MediXall.com,"Fort Lauderdale, FL",https://stackoverflow.com/jobs/406266
Mid-Senior Backend Developer,MediXall.com,"Fort Lauderdale, FL",https://stackoverflow.com/jobs/406265
Senior Full Stack Developer,Titan School Solutions,No office location,https://stackoverflow.com/jobs/374606
Backend Developer,Sofía,"Mexico City, Mexico",https://stackoverflow.com/jobs/255373
Senior Backend Engineer (Django),PolicyFly,No office location,https://stackoverflow.com/jobs/405896
SENIOR GAME ENGINE DEVELOPER JAVASCRIPT / HTML5: For strategic online games.,Bytro Labs GmbH,"Hamburg, Germany",https://stackoverflow.com/jobs/393508
HTML5 Frontend Developer: Strategic online games are our passion.,Bytro Labs GmbH,"Hamburg, Germany",https://stackoverflow.com/jobs/393511
Full Stack Developer (Senior Software Development Engineer),SOPHiA GENETICS,"Lausanne, Switzerland",https://stackoverflow.com/jobs/406256
JavaScript Developer,Revolution,"Little Rock, AR",https://stackoverflow.com/jobs/300138
Fullstack Developer,Hapag-LloydviaHays plc,"Gdańsk, Poland",https://stackoverflow.com/jobs/406198
Webエンジニア(社内向けサービス),株式会社コロプラ,"Shibuya City, Japan",https://stackoverflow.com/jobs/309686
【インターンシップ】WEB IT/ソフトウェア,株式会社CyberOwl,"Shibuya City, Japan",https://stackoverflow.com/jobs/389578
フリーダムエンジニア/その他IT/Web・通信・インターネット系,Fabeee 株式会社,"Chiyoda City, Japan",https://stackoverflow.com/jobs/401947
ITエンジニア(オープンポジション)/その他IT/Web・通信・インターネット系,Fabeee 株式会社,"Chiyoda City, Japan",https://stackoverflow.com/jobs/402862
現在業務系エンジニア/その他IT/Web・通信・インターネット系,Fabeee 株式会社,"Chiyoda City, Japan",https://stackoverflow.com/jobs/402861
$荒野のエンジニア$/その他IT/Web・通信・インターネット系,Fabeee 株式会社,"Chiyoda City, Japan",https://stackoverflow.com/jobs/402860
「保険相談ニアエル」のバックエンドエンジニア(リーダー)/インターネット/Webサービス・ASP,株式会社 LHL,"Shinjuku City, Japan",https://stackoverflow.com/jobs/403145
データサイエンティスト/その他IT/Web・通信・インターネット系,Fabeee 株式会社,"Chiyoda City, Japan",https://stackoverflow.com/jobs/402858
「保険相談ニアエル」のバックエンドエンジニア/インターネット/Webサービス・ASP,株式会社 LHL,"Shinjuku City, Japan",https://stackoverflow.com/jobs/403144
ソフトウェアエンジニア/システムインテグレータ・ソフトハウス,株式会社 ゼロフィールド,"Minato City, Japan",https://stackoverflow.com/jobs/380227
フルスタック開発エンジニア,株式会社アイルミッション,"Yokohama, Japan",https://stackoverflow.com/jobs/369915
Webエンジニア/インターネット/Webサービス・ASP,Nishika 株式会社,"Chiyoda City, Japan",https://stackoverflow.com/jobs/401943
ハードウェアエンジニア/システムインテグレータ・ソフトハウス,株式会社 ゼロフィールド,"Minato City, Japan",https://stackoverflow.com/jobs/401941
Webエンジニア(福井県鯖江市勤務)/ITコンサルティング,株式会社 メンバーズ メンバーズエッジカンパニー,"Minamishimabara, Japan",https://stackoverflow.com/jobs/383655
サーバサイドエンジニア/システムインテグレータ・ソフトハウス,ノウブル 株式会社,"Minato City, Japan",https://stackoverflow.com/jobs/401940
サーバーサイドエンジニア(完全在宅勤務)/ITコンサルティング,株式会社 メンバーズ メンバーズエッジカンパニー,"Chuo City, Japan",https://stackoverflow.com/jobs/401938
フロントエンドエンジニア/東京/音声解析AI営業/ 600万円~1200万円/フルフレックス,株式会社RevComm,"Shibuya City, Japan",https://stackoverflow.com/jobs/375939
モバイルアプリエンジニア,株式会社RevComm,"Shibuya City, Japan",https://stackoverflow.com/jobs/369884
IoTプロダクト開発エンジニア,株式会社ウフル,"Minato City, Japan",https://stackoverflow.com/jobs/394704
・フロントエンドエンジニア ・バックエンドエンジニア ・モバイルエンジニア( Flutterエンジニア ),エヌ次元株式会社,"Shibuya City, Japan",https://stackoverflow.com/jobs/355366
Webアプリエンジニア,株式会社ミナケア,"Chiyoda City, Japan",https://stackoverflow.com/jobs/309610
プロジェクトマネージャー,UUUM株式会社,"Minato City, Japan",https://stackoverflow.com/jobs/403393
エンジニア,Spready株式会社,"Shibuya City, Japan",https://stackoverflow.com/jobs/376026
IT事業部スターティングメンバー(開発系職種),ワークタンク,"Shinagawa City, Japan",https://stackoverflow.com/jobs/345669
Webエンジニア新規事業開発チーム,type転職エージェント,"Shinagawa City, Japan",https://stackoverflow.com/jobs/310236
WEBアプリエンジニア/ソフトウェア/パッケージベンダ,株式会社 セルシス,"Shinjuku City, Japan",https://stackoverflow.com/jobs/357587
【BASE】フロントエンドエンジニア/その他金融・保険系,BASE 株式会社,"Minato City, Japan",https://stackoverflow.com/jobs/402845
サーバーサイドエンジニア(クラウドサイン)/インターネット/Webサービス・ASP,弁護士ドットコム 株式会社,"Minato City, Japan",https://stackoverflow.com/jobs/357584
プロダクトマネージャー/インターネット/Webサービス・ASP,株式会社 Relic,"Shibuya City, Japan",https://stackoverflow.com/jobs/402841
サーバーサイドエンジニア/インターネット/Webサービス・ASP,株式会社 Relic,"Shibuya City, Japan",https://stackoverflow.com/jobs/357583
エンジニア,株式会社ラクーン,"Chuo City, Japan",https://stackoverflow.com/jobs/341388
サーバーサイドエンジニア(グローバル)/インターネット/Webサービス・ASP,株式会社 Relic,"Shibuya City, Japan",https://stackoverflow.com/jobs/403137
CRE(クラウドサイン)/インターネット/Webサービス・ASP,弁護士ドットコム 株式会社,"Minato City, Japan",https://stackoverflow.com/jobs/402839
サーバーサイドエンジニア(自社カジュアルギフトサービス「giftee」チーム),type転職エージェント,"Shinagawa City, Japan",https://stackoverflow.com/jobs/310243
フロントエンドエンジニア(弁護士ドットコム),弁護士ドットコム株式会社,"Minato City, Japan",https://stackoverflow.com/jobs/343138
アプリケーションエンジニア,株式会社モバイルファクトリー,"Shinagawa City, Japan",https://stackoverflow.com/jobs/310151
IoTエンジニア,株式会社スマートショッピング,"Shinagawa City, Japan",https://stackoverflow.com/jobs/365883
ソフトウェアエンジニア(TIG/Technology Architect),フューチャーアーキテクト株式会社,"Shinagawa City, Japan",https://stackoverflow.com/jobs/346792
バックエンドエンジニア,合同会社DMM.com,"Minato City, Japan",https://stackoverflow.com/jobs/368242
エンジニアリングマネージャー,アイスタイルグループ,"Minato City, Japan",https://stackoverflow.com/jobs/366340
フロントエンドエンジニア/re:shineチーム,株式会社メタップス,"Minato City, Japan",https://stackoverflow.com/jobs/354494
CCCMK_内製エンジニア(データエンハンス),カルチュア･コンビニエンス・クラブグループ,"Shibuya City, Japan",https://stackoverflow.com/jobs/310196
システムエンジニア(バックエンド/フロントエンド),株式会社アーティス,"Hamamatsu, Japan",https://stackoverflow.com/jobs/309440
開発リーダー/プロジェクトリーダー(京都)/システムインテグレータ・ソフトハウス,株式会社 ブイ・クルーズ,"Kyoto, Japan",https://stackoverflow.com/jobs/401948
Webエンジニア/プログラマ(京都)/システムインテグレータ・ソフトハウス,株式会社 ブイ・クルーズ,"Kyoto, Japan",https://stackoverflow.com/jobs/402834
2名募集 即日/交通費全額/次世代プラットホームの開発支援,株式会社エーティーエス,"Chiyoda City, Japan",https://stackoverflow.com/jobs/387316
PHP Developer,Moveo,"Ahmedabad, India",https://stackoverflow.com/jobs/329585
WEBエンジニア(福岡勤務)/ITコンサルティング,株式会社 メンバーズ メンバーズエッジカンパニー,"Fukuoka, Japan",https://stackoverflow.com/jobs/401909
開発エンジニア(福岡オフィス)/システムインテグレータ・ソフトハウス,株式会社 スタイル・フリー,"Fukuoka, Japan",https://stackoverflow.com/jobs/401901
リードエンジニア(天神・北九州・今宿・フルリモート)/ITコンサルティング,株式会社 メンバーズ メンバーズエッジカンパニー,"Fukuoka, Japan",https://stackoverflow.com/jobs/401907
Webエンジニア,株式会社メンバーズ メンバーズエッジカンパニー,"Fukuoka, Japan",https://stackoverflow.com/jobs/358460
Webエンジニア/京都支社スターティングメンバー/自社内開発あり/残業月平均12h/テレワーク制度あり,株式会社　アクセル・モード,"Yokote, Japan",https://stackoverflow.com/jobs/318537
Java Entwickler (m/w/d),MT AG - enabling the adaptive enterprise,"Ratingen, Deutschland",https://stackoverflow.com/jobs/338095
フロントエンドエンジニア(au スマートパス),株式会社mediba,"Minato City, Japan",https://stackoverflow.com/jobs/309017
シニアフロントエンドエンジニア,GMOペパボ株式会社,"Shibuya City, Japan",https://stackoverflow.com/jobs/316205
ソフトウェアエンジニア / フロントエンド / Private Cloud Platform,LINE株式会社,"Shinjuku City, Japan",https://stackoverflow.com/jobs/335097
フロントエンドエンジニア,GMOペパボ株式会社,"Shibuya City, Japan",https://stackoverflow.com/jobs/309018
プロジェクトマネージャー,株式会社ベガコーポレーション,"Fukuoka, Japan",https://stackoverflow.com/jobs/345102
SE,ピーティーエス・コンサルティング・ジャパン株式会社,"Shinjuku City, Japan",https://stackoverflow.com/jobs/309022
【インターンシップ】 技術職向け春のシップ,ピクシブ株式会社,"Shibuya City, Japan",https://stackoverflow.com/jobs/350616
WEBアプリケーションエンジニア,株式会社SoleBrain,"Chiyoda City, Japan",https://stackoverflow.com/jobs/308970
WEBエンジニア(仙台勤務)/ITコンサルティング,株式会社 メンバーズ メンバーズエッジカンパニー,"Chiyoda City, Japan",https://stackoverflow.com/jobs/383654
Webアプリケーションエンジニア,株式会社シムネット,"Sendai, Japan",https://stackoverflow.com/jobs/308962
飲食店×テクノロジー×仙台|0 1立ち上げバックエンドエンジニア,株式会社Showcase Gig,"Sendai, Japan",https://stackoverflow.com/jobs/356373
リードエンジニア(神戸・札幌・フルリモート)/ITコンサルティング,株式会社 メンバーズ メンバーズエッジカンパニー,"Sapporo, Japan",https://stackoverflow.com/jobs/402796
フロントエンドエンジニア(沖縄立ち上げメンバー募集)/インターネット/Webサービス・ASP,CBcloud 株式会社,"Naha, Japan",https://stackoverflow.com/jobs/402790
SE・プログラマ 2021卒,株式会社イーグリッド,"Maebashi, Japan",https://stackoverflow.com/jobs/375533
Angular & Node JS Developer,iKomet Technology Solutions,"Chennai, India",https://stackoverflow.com/jobs/406114
Full Stack Developer,ANB Systems,"Chennai, India",https://stackoverflow.com/jobs/406102
JavaScript Developer,Euroland India,"Chennai, India",https://stackoverflow.com/jobs/406090
Looking For UI Developer / 4-7 Years / Chennai,EC Group,"Chennai, India",https://stackoverflow.com/jobs/406078
MEAN Stack Developer,Inception Labs,"Chennai, India",https://stackoverflow.com/jobs/406066
UI Web Developer,Groupfio,"Chennai, India",https://stackoverflow.com/jobs/406052
React / React Native Developer,azularc,"Mumbai, India",https://stackoverflow.com/jobs/406041
React Native Developer,Icicle Technologies,"Mumbai, India",https://stackoverflow.com/jobs/406038
Team Leader (Software) - Bangalore,Wabco,"Bengaluru, India",https://stackoverflow.com/jobs/405999
Full Stack Developer,Foyr,"Hyderabad, India",https://stackoverflow.com/jobs/405938
Full Stack Developer (80%-100%),onstructive GmbH,"Winterthur, Schweiz",https://stackoverflow.com/jobs/405894
Front End UI Developer,"OpsRamp, Inc.","Hyderabad, India",https://stackoverflow.com/jobs/405931
Full Stack Web Developer (w/m/d) Fokus Frontend | Team Assets,Otto (GmbH & Co KG),"Hamburg, Germany",https://stackoverflow.com/jobs/367707
Frontend++ Developer (80-100%),onstructive GmbH,"Winterthur, Schweiz",https://stackoverflow.com/jobs/405901
Lead Full Stack Engineer (GRV/ Akamai/ OpenID): Remote (Global),Modus Create,No office location,https://stackoverflow.com/jobs/405899
Senior Full Stack Developer,Northern Ground,"Milwaukee, WI",https://stackoverflow.com/jobs/291605
"Full Stack Developer (m/w) (Java, Vue.js, JavaScript, Spring Boot)",RIAG DIGITAL,"Wien, Austria",https://stackoverflow.com/jobs/376574
Software Engineer II,Citizens Bank,"Providence, RI",https://stackoverflow.com/jobs/405889
Senior Software Engineer,Citizens Bank,"Providence, RI",https://stackoverflow.com/jobs/405888
Senior Software Engineer,Citizens Bank,"Providence, RI",https://stackoverflow.com/jobs/405885
Front-end Developer,Primephonic,"Amsterdam, Netherlands",https://stackoverflow.com/jobs/405881
Senior Software Engineer,Citizens Bank,"Providence, RI",https://stackoverflow.com/jobs/405877
Principal Software Engineer,Citizens Bank,"Providence, RI",https://stackoverflow.com/jobs/405876
Principal Software Engineer,Citizens Bank,"Providence, RI",https://stackoverflow.com/jobs/405874
Software Engineer II,Citizens Bank,"Providence, RI",https://stackoverflow.com/jobs/405872
Senior Software Engineer,Citizens Bank,"Providence, RI",https://stackoverflow.com/jobs/405871
Principal Software Engineer,Citizens Bank,"Providence, RI",https://stackoverflow.com/jobs/405869
Front-end Cloud Development Engineer,Siemens AG,"Katowice, Poland",https://stackoverflow.com/jobs/387591
Fullstack JavaScript Engineer for an Marketplace SaaS Platform as potential CIO,HeyAMZ UG (haftungsbeschränkt),"Mannheim, Deutschland",https://stackoverflow.com/jobs/387932
Fullstack Software Engineer,Clarity Innovations,"Boston, MA",https://stackoverflow.com/jobs/285780
.NET Architect / Technical Lead,ELCA Informatique SA,,https://stackoverflow.com/jobs/395185
Mid-level Rails Developer,Ascender HCM,"Quezon City, Philippines",https://stackoverflow.com/jobs/390783
ソフト開発プログラミング (ソフトウェア会社でのお仕事です ) Java,株式会社スタッフサービス,"Shinjuku City, Japan",https://stackoverflow.com/jobs/405745
Webアプリエンジニア,アイレット株式会社,"Osaka, Japan",https://stackoverflow.com/jobs/398964
システムエンジニア,株式会社テクトレージ,"Kofu, Japan",https://stackoverflow.com/jobs/405670
明治神宮前駅|大手事業会社でサービスを加速させるフロントエンドエンジニア募集 月給25万~50万円/交通費支給|プログラマ(オープン WEB系),株式会社カドベヤ 株式会社カドベヤ,"Shibuya City, Japan",https://stackoverflow.com/jobs/405469
フロントエンドエンジニア,株式会社BookLive,"Minato City, Japan",https://stackoverflow.com/jobs/405456
Webエンジニア,株式会社スタディスト,"Chiyoda City, Japan",https://stackoverflow.com/jobs/405434
JavaScriptエンジニア/インターネット/Webサービス・ASP,株式会社 インフキュリオンデジタル,"Chiyoda City, Japan",https://stackoverflow.com/jobs/405430
"スマートフォンアプリエンジニア(Android,Flutter)/インターネット/Webサービス・ASP",株式会社 インフキュリオンデジタル,"Chiyoda City, Japan",https://stackoverflow.com/jobs/405375
WEBエンジニア,SO Technologies株式会社,"Chiyoda City, Japan",https://stackoverflow.com/jobs/394987
シニアエンジニア,ソウルドアウト株式会社,"Chiyoda City, Japan",https://stackoverflow.com/jobs/394986
ITエンジニア,株式会社with,"Taito City, Japan",https://stackoverflow.com/jobs/394983
【フルリモート/Go】自社プロダクト「ATOM」Webエンジニア,SO Technologies 株式会社,"Chiyoda City, Japan",https://stackoverflow.com/jobs/394980
SRE(DevOpsエンジニア),KeepAlive株式会社,"Shinjuku City, Japan",https://stackoverflow.com/jobs/376332
リードエンジニア,株式会社ネクストビート,"Shibuya City, Japan",https://stackoverflow.com/jobs/376317
フロントエンドエンジニア~フリマアプリ『ラクマ』担当~,type転職エージェント,"Setagaya City, Japan",https://stackoverflow.com/jobs/387063
Webアプリエンジニア,アイレット株式会社,"Osaka, Japan",https://stackoverflow.com/jobs/376136
社内SE(自社システム企画/開発)/フレックス勤務,株式会社Works Human Intelligence,"Minato City, Japan",https://stackoverflow.com/jobs/376123
スマホアプリエンジニア,エムスリーキャリア株式会社,"Minato City, Japan",https://stackoverflow.com/jobs/376093
エンジニアリングマネージャー,paiza株式会社,"Minato City, Japan",https://stackoverflow.com/jobs/376086
即日スタート/交通費全額/開発案件におけるPM業務,株式会社エーティーエス,"Osaka, Japan",https://stackoverflow.com/jobs/376028
Railsエンジニア/100%受託開発/渋谷/ベンチャー/週1リモート/時短勤務可,mofmof inc.,"Shibuya City, Japan",https://stackoverflow.com/jobs/376027
Laravel Developer,Hk infosoft,"Ahmedabad, India",https://stackoverflow.com/jobs/387013
AI関連システムの開発(Python),株式会社キャリアデザインITパートナーズ,"Shibuya City, Japan",https://stackoverflow.com/jobs/375887
アプリエンジニア,株式会社MONOKROM,"Shibuya City, Japan",https://stackoverflow.com/jobs/375668
SENIOR FULL-STACK DEVELOPER(シニア フルスタック デベロッパー),FunkyCorp Ltd.,"Minato City, Japan",https://stackoverflow.com/jobs/375652
Full Stack Developer,Rejolut Technology Solutions Pvt Ltd.,"Navi Mumbai, India",https://stackoverflow.com/jobs/405276
Full Stack Developer - Qure.ai,Fractal.ai,"Mumbai, India",https://stackoverflow.com/jobs/405271
Full Stack Developer,AlphaGrep Securities,"Mumbai, India",https://stackoverflow.com/jobs/405253
Senior Full Stack Engineer,Applied,"London, UK",https://stackoverflow.com/jobs/394902
Fullstack Developer,Corp Talents,"Mumbai, India",https://stackoverflow.com/jobs/405215
Senior Developer Software Developer,Feasible Technologies Private Limited,"Hyderabad, India",https://stackoverflow.com/jobs/405174
Senior Frontend Developer (Remote),Hypothesis.is,No office location,https://stackoverflow.com/jobs/375433
"Software Engineer (Full-Stack): Graph Visualisation, Benchmarking, Web Services",Grakn Labs,"London, UK",https://stackoverflow.com/jobs/294061
Product Software Engineer,Xpand IT,"Lisboa, Portugal",https://stackoverflow.com/jobs/386132
QA Engineer,Back Market,"Paris, France",https://stackoverflow.com/jobs/283888
"Senior JavaScript-Developer (f/m/d) Cologne, Paderborn or remote",DeepL GmbH,"Köln, Deutschland",https://stackoverflow.com/jobs/392976
Full Stack Developer,BLAZON,"Coimbatore, India",https://stackoverflow.com/jobs/405013
Mid/Senior Front End Engineer,PT Gigaming Intermedia Solusindo,"Kecamatan Sumur Bandung, Indonesia",https://stackoverflow.com/jobs/386744
PHP Web Developer,CUETIN,"Hyderabad, India",https://stackoverflow.com/jobs/367522
フロントエンドエンジニア(管理職候補),type転職エージェント,"Shibuya City, Japan",https://stackoverflow.com/jobs/387493
2名 即日/交通費/会計パッケージシステム開発(Java),株式会社エーティーエス,"Minato City, Japan",https://stackoverflow.com/jobs/404811
ソフトウェアエンジニア (Frontend)/インターネット/Webサービス・ASP,株式会社 SIGNATE,"Chiyoda City, Japan",https://stackoverflow.com/jobs/404756
社内SE(Webページ作成・運用管理など),株式会社エヌアセット,"Kawasaki, Japan",https://stackoverflow.com/jobs/404720
プログラマ Web オープン系,株式会社言語サービス,"Yokohama, Japan",https://stackoverflow.com/jobs/404700
大阪支社 / インフラエンジニア,シアトルコンサルティング株式会社,"Osaka, Japan",https://stackoverflow.com/jobs/404678
早稲田駅|開発部門のマネージャー候補(優秀なメンバー / フラットな組織 / チャンスの多い環境)|プロジェクトマネージャ(オープン WEB系),株式会社プライムスタイル 東京本社,"Bunkyo City, Japan",https://stackoverflow.com/jobs/404669
早稲田駅|AI案件増加中 / リモート勤務など柔軟に働けます / 残業少なめ / SE 募集 |アプリケーション設計(オープン WEB系),株式会社プライムスタイル 東京本社,"Bunkyo City, Japan",https://stackoverflow.com/jobs/404667
SRE(サイトリライアビリティエンジニア )/インターネット/Webサービス・ASP,BHI 株式会社,"Shibuya City, Japan",https://stackoverflow.com/jobs/404409
サーバーエンジニア,ウエストユニティス株式会社,"Osaka, Japan",https://stackoverflow.com/jobs/404322
新卒エンジニア(21卒),ナイル株式会社,"Shinagawa City, Japan",https://stackoverflow.com/jobs/378761
フロントエンドエンジニア,株式会社フォーミックス,"Shinagawa City, Japan",https://stackoverflow.com/jobs/397466
クラウドエンジニア(AWS),type転職エージェント,"Shinjuku City, Japan",https://stackoverflow.com/jobs/319817
SE,株式会社アイスリーデザイン,"Shibuya City, Japan",https://stackoverflow.com/jobs/375665
Senior PHP Developer,Defiant Inc,No office location,https://stackoverflow.com/jobs/386493
フロントエンドエンジニア,アイレット株式会社,"Minato City, Japan",https://stackoverflow.com/jobs/376125
Webエンジニア,GROOVEX株式会社,"中央区, Japan",https://stackoverflow.com/jobs/386695
Dotnet Developer,Indium Software,"Bengaluru, India",https://stackoverflow.com/jobs/328444
Java、SQL/生命保険代理店サイトの再構築,株式会社ブレーンネット,"Chiyoda City, Japan",https://stackoverflow.com/jobs/360547
Full Stack Developer (Evening),Maropost,"Sahibzada Ajit Singh Nagar, India",https://stackoverflow.com/jobs/386569
Full Stack Web Developer,Spiria Digital,"Gatineau, QC, Canada",https://stackoverflow.com/jobs/367340
Senior Java Software Engineer,AIR MILES,"Toronto, ON, Canada",https://stackoverflow.com/jobs/394502
"Senior Fullstack Developer (Python, Java, AngularJS, Node.JS, React, Web, UI)",Mimecast,"London, UK",https://stackoverflow.com/jobs/394452
Senior Full-Stack Developer (Back-end oriented),Tipalti,"Glil Yam, Israel",https://stackoverflow.com/jobs/298932
Full Stack Developer,Grow-Trees.com,"Mumbai, India",https://stackoverflow.com/jobs/386434
Software Engineer,Credent Team Pvt. Ltd.,"Bengaluru, India",https://stackoverflow.com/jobs/404083
サーバーサイドエンジニア,TOWN株式会社,"Chuo City, Japan",https://stackoverflow.com/jobs/403989
【正社員】システム開発エンジニア(リーダー職)・年収~800万円,株式会社サークルネット,"Tokyo, Japan",https://stackoverflow.com/jobs/403988
インフラエンジニア(SREリーダー),type転職エージェント,"Chiyoda City, Japan",https://stackoverflow.com/jobs/403965
【上場企業で正社員!】サーバーサイドエンジニア,株式会社サークルネット,"Tokyo, Japan",https://stackoverflow.com/jobs/403964
フロントエンドエンジニア,株式会社マイクロアド,"Shibuya City, Japan",https://stackoverflow.com/jobs/403962
セキュリティエンジニア,type転職エージェント,"Chiyoda City, Japan",https://stackoverflow.com/jobs/403961
プロジェクトマネージャー(マネージャー候補),type転職エージェント,"Chiyoda City, Japan",https://stackoverflow.com/jobs/403960
サーバサイドエンジニア,クーコム株式会社,"Shibuya City, Japan",https://stackoverflow.com/jobs/403959
電子書籍運営会社でフロントエンドエンジニア,株式会社フェローズ,"Minato City, Japan",https://stackoverflow.com/jobs/403956
スマートフォンアプリエンジニア,type転職エージェント,"Chiyoda City, Japan",https://stackoverflow.com/jobs/403955
プログラマ,"Evolable Asia Co.,Ltd.","Chuo City, Japan",https://stackoverflow.com/jobs/403953
プロジェクトマネージャー/プロジェクトリーダー,株式会社エヌ・ティー・エス,"Toshima City, Japan",https://stackoverflow.com/jobs/403939
プログラマー / システムエンジニア,株式会社インファンクォーレ,"Toshima City, Japan",https://stackoverflow.com/jobs/403938
フロントエンドエンジニア,株式会社PTMIND,"Shibuya City, Japan",https://stackoverflow.com/jobs/403931
【正社員・年収~800万円】システム開発エンジニア(リーダー職)@大阪,株式会社サークルネット,"Osaka, Japan",https://stackoverflow.com/jobs/403905
九段下駅|Web系システム開発エンジニア若手大歓迎 あなたの成長を全力でサポートします |データベース設計 構築 運用 保守(オープン WEB系),株式会社ジェネスティコンサルティング 本社※勤務先はお客様先です,"Chiyoda City, Japan",https://stackoverflow.com/jobs/403861
飯田橋駅|Web系システム開発エンジニア若手大歓迎 あなたの成長を全力でサポートします |アプリケーション設計(オープン WEB系),株式会社ジェネスティコンサルティング 本社※勤務先はお客様先です,"千代田区, Japan",https://stackoverflow.com/jobs/403860
後楽園駅|Web系システム開発エンジニア若手大歓迎 あなたの成長を全力でサポートします |アプリケーション設計(オープン WEB系),株式会社ジェネスティコンサルティング 本社※勤務先はお客様先です,"Chiyoda City, Japan",https://stackoverflow.com/jobs/403859
飯田橋駅|Web系システム開発エンジニア若手大歓迎 あなたの成長を全力でサポートします |プログラマ(オープン WEB系),株式会社ジェネスティコンサルティング 本社※勤務先はお客様先です,"千代田区, Japan",https://stackoverflow.com/jobs/403858
後楽園駅|Web系システム開発エンジニア若手大歓迎 あなたの成長を全力でサポートします |プログラマ(オープン WEB系),株式会社ジェネスティコンサルティング 本社※勤務先はお客様先です,"Chiyoda City, Japan",https://stackoverflow.com/jobs/403857
小千谷駅|開発案件のアーキテクト(海外とのやりとりあり / 残業少なめ / チャンスの多いベンチャー企業)|アプリケーション設計(オープン WEB系),株式会社プライムスタイル 新潟オフィス,"Ojiya, Japan",https://stackoverflow.com/jobs/403790
小千谷駅|AI案件増加中 / リモート勤務など柔軟に働けます / 残業少なめ / SE 募集 |データベース設計 構築 運用 保守(オープン WEB系),株式会社プライムスタイル 新潟オフィス,"Ojiya, Japan",https://stackoverflow.com/jobs/403789
"SE 正社員 WEB面接OK 豊洲 Java,Vue.js経験者募集 データ活用プロトシステム開発",株式会社ビーネックスソリューションズ,"Koto City, Japan",https://stackoverflow.com/jobs/403727
丸太町駅|デザイナーとプログラマーの両方やりたいフロントエンドエンジニア募集 ( リモートも可 )|WEBデザイナー,メディアマックスジャパン株式会社 本社,"Kyoto, Japan",https://stackoverflow.com/jobs/403709
Webデザイナー,株式会社ロボット,"Shibuya City, Japan",https://stackoverflow.com/jobs/403702
SE,株式会社ユニラボ,"Shinagawa City, Japan",https://stackoverflow.com/jobs/403696
交通費全額 大手企業/保険業向けアジャイル開発(リーダー),株式会社エーティーエス,"大阪市, Japan",https://stackoverflow.com/jobs/403691
Azureエンジニア/システムインテグレータ・ソフトハウス,株式会社 GxP,"Shinjuku City, Japan",https://stackoverflow.com/jobs/403656
フリーランス　金融業向けシステム開発エンジニア　30代・40代活躍中,株式会社ビーブレイクシステムズ,"Minato City, Japan",https://stackoverflow.com/jobs/403649
新着 プロダクト開発エンジニア(CSA),クラスメソッド株式会社,"Chiyoda City, Japan",https://stackoverflow.com/jobs/403646
ITエンジニア,株式会社with,"Chuo City, Japan",https://stackoverflow.com/jobs/403639
【正社員・年収700~1200万円】上場企業でシステム開発マネージャー,株式会社サークルネット,"Tokyo, Japan",https://stackoverflow.com/jobs/403509
乃木坂駅|デザイナーとプログラマーの両方やりたいフロントエンドエンジニア募集 ( リモートも可 )|WEBデザイナー,メディアマックスジャパン株式会社 東京オフィス,"Minato City, Japan",https://stackoverflow.com/jobs/403431
ソフトウェアエンジニア(メディアグロース),レバレジーズ株式会社,"Shibuya City, Japan",https://stackoverflow.com/jobs/318464
新規ゲームメディア開発マネージャー,ナイル株式会社,"Shinagawa City, Japan",https://stackoverflow.com/jobs/394412
アプリケーションエンジニア リーダー候補,株式会社KDDIウェブコミュニケーションズ,"Minato City, Japan",https://stackoverflow.com/jobs/386296
フロントエンドエンジニア,CROOZ SHOPLIST株式会社,"Shinagawa City, Japan",https://stackoverflow.com/jobs/386263
ネイティブアプリエンジニア,CROOZ SHOPLIST株式会社,"Shinagawa City, Japan",https://stackoverflow.com/jobs/386262
Full Stack Developer,Enovational,"Washington, DC",https://stackoverflow.com/jobs/173771
Webエンジニア(社内向けサービス),type転職エージェント,"Shibuya City, Japan",https://stackoverflow.com/jobs/386194
Senior Data Engineer,Civitech,"Austin, TX",https://stackoverflow.com/jobs/361676
Senior Software Engineer,Patch.com,"New York, NY",https://stackoverflow.com/jobs/394309
Full-Stack Developer,Charidy,"Brooklyn, NY",https://stackoverflow.com/jobs/307185
Full Stack Developer,Särmä Digital Oy,"Helsinki, Finland",https://stackoverflow.com/jobs/333786
"Full Stack Developer: Node.js, Python or Go | autonomy, flexibility | new team",Oscatelviatechfolk,No office location,https://stackoverflow.com/jobs/400637
Full Stack .NET Developer (inhouse),Bloemert | Development B.V.,"Staphorst, Netherlands",https://stackoverflow.com/jobs/403362
Senior Front-end Developer (Vue.js),Insider,"Kâğıthane, Turkey",https://stackoverflow.com/jobs/403358
CI/CD Toolchain Developer,Segula Technologies Sweden,"Gothenburg, Sweden",https://stackoverflow.com/jobs/394262
Full-Stack Web-Entwickler (m/w/d),RheinEnergie AG,"Köln, Deutschland",https://stackoverflow.com/jobs/383518
Full-stack Engineer,naontek AG,"Düsseldorf, Germany",https://stackoverflow.com/jobs/269488
Tech Lead (m/w/d) Java,Breuninger GmbH & Co.,"Stuttgart, Deutschland",https://stackoverflow.com/jobs/390263
Backend Engineer (m/f/d) - Working Student or Intern,Motius GmbH,"München, Deutschland",https://stackoverflow.com/jobs/367229
Frontend Engineer (m/f/d) - Working Student or Intern,Motius GmbH,"München, Deutschland",https://stackoverflow.com/jobs/367235
Java Entwickler*in (m/w/d),GFT Deutschland,"Eschborn, Deutschland",https://stackoverflow.com/jobs/393531
(Java)コスメ/デジタルコード販売サービス開発案件,レバテック株式会社,"Setagaya City, Japan",https://stackoverflow.com/jobs/386072
システムエンジニア,株式会社シャインソフト,"Minato City, Japan",https://stackoverflow.com/jobs/385943
住まいDiv.Rubyエンジニア,株式会社じげん,"Minato City, Japan",https://stackoverflow.com/jobs/394211
Développeur Full-Stack H/F – CDI – Paris,SkillValue,"Paris, France",https://stackoverflow.com/jobs/394205
Webエンジニア 広告サービス自社開発,株式会社ロンバード,"Shinagawa City, Japan",https://stackoverflow.com/jobs/394200
ECサイトフロントエンド開発(JavaScript),株式会社アイソル,"Shinjuku City, Japan",https://stackoverflow.com/jobs/352953
PHP-/Javascript-Entwickler mit einem Faible für Datenprozesse (w/m/d),Publicare Marketing Communications GmbH,"Frankfurt am Main, Deutschland",https://stackoverflow.com/jobs/287513
Software Developer Javascript,Virtuoso,"Hyderabad, India",https://stackoverflow.com/jobs/374980
Job Opportunity - Full Stack Developer(Java),Datadot Software Solutions,"Hyderabad, India",https://stackoverflow.com/jobs/403304
Java Developer,Gleecus TechLabs Pvt. Ltd,"Hyderabad, India",https://stackoverflow.com/jobs/403292
Senior Web Developer,BrandMommy,"New Delhi, India",https://stackoverflow.com/jobs/403281
Front End Web Developer,Agicent Technologies,"Noida, India",https://stackoverflow.com/jobs/403275
社内SE,type転職エージェント,"Shibuya City, Japan",https://stackoverflow.com/jobs/394105
Senior Front-end Engineer,"Autify, Inc.","Tokyo, Japan",https://stackoverflow.com/jobs/347910
JavaScriptエンジニア,type転職エージェント,"Chiyoda City, Japan",https://stackoverflow.com/jobs/403199
Rubyエンジニア(研究開発チーム)/インターネット/Webサービス・ASP,株式会社 LegalForce,"Chiyoda City, Japan",https://stackoverflow.com/jobs/403187
PHP Laravel Backend Developer 2-4yr exp for fantasy sports gaming,MyExpert11 (Sportena Fantasy Pvt Ltd),"Bengaluru, India",https://stackoverflow.com/jobs/393989
PHP Developer,Connect 4 Resources,"New Delhi, India",https://stackoverflow.com/jobs/393822
Software Developers (WFH - For Now),La Net Team Software Solutions Pvt. Ltd.,"Surat, India",https://stackoverflow.com/jobs/393749
Senior Web Developer,Portable,"Fitzroy, Australia",https://stackoverflow.com/jobs/366188
Full Stack Developer,Adrobit Technologies,"Kolkata, India",https://stackoverflow.com/jobs/327042
Full Stack Developer,Vixplor Analytics,"Kolkata, India",https://stackoverflow.com/jobs/327018
Sr. PHP Developer / Team Lead,innofied,"Kolkata, India",https://stackoverflow.com/jobs/327016
PHP Developer,innofied,"Kolkata, India",https://stackoverflow.com/jobs/326941
Laravel Developer,Brainium Information Technologies,"Kolkata, India",https://stackoverflow.com/jobs/326909
Junior Web Developer / Web Developer - PHP,Openweb Solutions,"Kolkata, India",https://stackoverflow.com/jobs/326904
UI Developer,Profectus,"Bengaluru, India",https://stackoverflow.com/jobs/325369
UI Developer,Anatta,"Bengaluru, India",https://stackoverflow.com/jobs/325355
"PHP / Full stack developer Bangalore, India",DocOnline Health India Private Limited,"Bengaluru, India",https://stackoverflow.com/jobs/324766
Front End Engineer,Bombora,"Reno, NV",https://stackoverflow.com/jobs/393670
Web Front-End Developer,SnippetBucket Technologies,"Ahmedabad, India",https://stackoverflow.com/jobs/324466
Senior PHP Developer,2basetechnologies,"Kochi, India",https://stackoverflow.com/jobs/323903
Php Developer,Infintor Solutions,"Kochi, India",https://stackoverflow.com/jobs/323812
"PHP / Full stack developer Hyderabad, India",DocOnline Health India Private Limited,"Hyderabad, India",https://stackoverflow.com/jobs/323515
DevOps Engineer (Active TS SCI with Polygraph),APEX Expert Solutions,"Reston, VA",https://stackoverflow.com/jobs/390714
Senior Laravel Developer,FLYING STARS INFORMATICS,"Hyderabad, India",https://stackoverflow.com/jobs/323513
PHP Developer,SibzSolutions,"Pune, India",https://stackoverflow.com/jobs/323068
FinTech Developer,OliBank,"Bogota, Colombia",https://stackoverflow.com/jobs/374850
Security Developer,OliBank,No office location,https://stackoverflow.com/jobs/374851
Senior Web Application Engineer,"Autify, Inc.","Tokyo, Japan",https://stackoverflow.com/jobs/374847
Senior Web Developer,Vilocity Interactive,"Phoenix, AZ",https://stackoverflow.com/jobs/403088
(Senior) Frontend Engineer (f/m/d),real.digital,"Köln, Deutschland",https://stackoverflow.com/jobs/403082
Senior JavaScript Engineer (Node/React) - Learn Serverless!,CazooviaTalent Point,"London, UK",https://stackoverflow.com/jobs/393526
Software Engineer PHP (m/f/x),Lyke GmbH,"Hannover, Deutschland",https://stackoverflow.com/jobs/290531
Agile Produktentwicklung in Köln – Lerne Studitemps kennen,Studitemps,"Köln, Germany",https://stackoverflow.com/jobs/393251
Engineering Team Lead - help build top rated SaaS tools for medical researchers!,Castor,"Amsterdam, Netherlands",https://stackoverflow.com/jobs/403016
SRE,株式会社スマートショッピング,"Shinagawa City, Japan",https://stackoverflow.com/jobs/365878
PHP – Laravel Developer – Backend,CareerXperts,"Bengaluru, India",https://stackoverflow.com/jobs/374674
PHP Developer,DG Design Studio,"Chennai, India",https://stackoverflow.com/jobs/402941
学生アルバイト/有給インターン,株式会社Phone Appli,"Minato City, Japan",https://stackoverflow.com/jobs/393408
Web Developer,Mindnotix,"Coimbatore, India",https://stackoverflow.com/jobs/324317
派遣/駅チカの綺麗なオフィス サーバーサイドエンジニア Linux,株式会社スタッフサービス　エンジニアガイド,"Shibuya City, Japan",https://stackoverflow.com/jobs/393102
ソフトウェアエンジニア(メディアグロース),type転職エージェント,"Shibuya City, Japan",https://stackoverflow.com/jobs/387492
Ruby/Railsエンジニア/システムインテグレータ・ソフトハウス,株式会社 ゼロフィールド,"Minato City, Japan",https://stackoverflow.com/jobs/402857
Pythonエンジニア/システムインテグレータ・ソフトハウス,株式会社 ゼロフィールド,"Minato City, Japan",https://stackoverflow.com/jobs/402856
システム開発エンジニア,Cloud9株式会社,"Chiyoda City, Japan",https://stackoverflow.com/jobs/402838
Rails/PHP エンジニア(京都・時短)/システムインテグレータ・ソフトハウス,株式会社 ブイ・クルーズ,"Kyoto, Japan",https://stackoverflow.com/jobs/402833
.Net Developer,We Write Code,"Des Moines, IA",https://stackoverflow.com/jobs/365652
Product owner infrastructure et intégrations,Antidot,"Lambesc, France",https://stackoverflow.com/jobs/393285
Analyste Business du Pays H/F,IKEA,"Plaisir, France",https://stackoverflow.com/jobs/402748
Senior Tech Specialist (m/f/d) - JS Fullstack,Motius GmbH,"München, Deutschland",https://stackoverflow.com/jobs/402749
C/C++ Developer (m/w/d),OC Development GmbH,"Prien am Chiemsee, Deutschland",https://stackoverflow.com/jobs/402708
Senior Full Stack Developer,Bark.com,"London, UK",https://stackoverflow.com/jobs/402736
Backend Web Developer (m/w),Energie 360° AG,"Zürich, Switzerland",https://stackoverflow.com/jobs/402623
Full Stack Software Developer - IoT (w/m/d) 80-100%,Husqvarna (Schweiz) AG,"Zürich, Switzerland",https://stackoverflow.com/jobs/402621
Senior AEM (Adobe Experience Manager) Engineer (m/w/d),N47 AG,"Zürich, Schweiz",https://stackoverflow.com/jobs/342034
PHP Developer,Simform,"Ahmedabad, India",https://stackoverflow.com/jobs/329591
Vues Js Developer,AddWeb Solution,"Ahmedabad, India",https://stackoverflow.com/jobs/385088
PHP Laravel Developer,WebClues Infotech,"Ahmedabad, India",https://stackoverflow.com/jobs/385084
Front - End Engineer,Amazon Web Services,"Arlington, VA",https://stackoverflow.com/jobs/381756
Developer - PHP/ Laravel Framework,Smartway India Enterprises,"Coimbatore, India",https://stackoverflow.com/jobs/385054
医療(電子カルテ)フロントエンジニア(スクラムマスター候補),株式会社Donuts,"Shibuya City, Japan",https://stackoverflow.com/jobs/313277
ポテンシャル採用エンジニア,株式会社インディバル,"Chiyoda City, Japan",https://stackoverflow.com/jobs/384996
コールセンターシステム開発(Java・Javascript),株式会社アイソル,"Toshima City, Japan",https://stackoverflow.com/jobs/384980
"時給3,000円 golang/バックエンドエンジニア",株式会社エーティーエス,"Minato City, Japan",https://stackoverflow.com/jobs/384879
Laravel Developer,Xenottabyte Services Pvt. Ltd. (Vert Age),"Noida, India",https://stackoverflow.com/jobs/402522
Full Stack Developer - Laravel | Node | Angular,Vipra Business Consulting Services (P) Ltd.,"Noida, India",https://stackoverflow.com/jobs/402511
java full stack Developer,Taggd,"Hyderabad, India",https://stackoverflow.com/jobs/388057
"Laravel Developer (Laravel Framework, HTML5, PHP, MySQL, VueJs)",Sedulous,"Ahmedabad, India",https://stackoverflow.com/jobs/365222
2021 新卒採用 インターネット関連 、 広告、情報処理,株式会社おいかぜ,"Kyoto, Japan",https://stackoverflow.com/jobs/402417
リアルタイム通信サーバーサイドエンジニアを募集!,カディンチェ株式会社,"Shinagawa City, Japan",https://stackoverflow.com/jobs/402388
ECサイト　フロントエンドエンジニア,アスクル株式会社,"Koto City, Japan",https://stackoverflow.com/jobs/385809
フロントエンドエンジニア,株式会社うるる,"Chuo City, Japan",https://stackoverflow.com/jobs/402369
フロントエンドエンジニア,SBヒューマンキャピタル株式会社,"Chuo City, Japan",https://stackoverflow.com/jobs/402352
フロントエンドエンジニア,パーソルキャリア株式会社,"Chiyoda City, Japan",https://stackoverflow.com/jobs/402351
リードフロントエンドエンジニア(フロント領域における開発環境設計・構築、サービス開発),株式会社クーリエ,"Shibuya City, Japan",https://stackoverflow.com/jobs/402296
フロントエンドエンジニア,株式会社イマジカデジタルスケープ,"Chuo City, Japan",https://stackoverflow.com/jobs/402283
【正社員】注目の上場企業でサーバーサイドエンジニア・年収400~600万円,株式会社サークルネット,"Osaka, Japan",https://stackoverflow.com/jobs/402236
WebFrontedエンジニア(21年度卒),Chatwork株式会社,"Osaka, Japan",https://stackoverflow.com/jobs/402235
[急募] ≪東京 年収600万円↑≫ウェアラブル系サーバーエンジニア,株式会社マイナビワークス(マイナビスタッフ),"Chiyoda City, Japan",https://stackoverflow.com/jobs/398275
エンジニア,株式会社フォースリー,"Meguro City, Japan",https://stackoverflow.com/jobs/402188
SE,株式会社ROXX,"Minato City, Japan",https://stackoverflow.com/jobs/398260
電子チケット販売システムの開発(JavaScript),株式会社アイソル,"Chuo City, Japan",https://stackoverflow.com/jobs/384979
派遣/朝はゆっくり10時出社 WEBシステム開発@秋葉原 PHP,株式会社スタッフサービス　エンジニアガイド,"Chiyoda City, Japan",https://stackoverflow.com/jobs/402163
【東京】フロントエンドエンジニア/自社サービス,SBヒューマンキャピタル株式会社,"Minato City, Japan",https://stackoverflow.com/jobs/402133
フロントエンドエンジニア,SBヒューマンキャピタル株式会社,"Chuo City, Japan",https://stackoverflow.com/jobs/402132
スマホアプリエンジニア_事業支援部,SBヒューマンキャピタル株式会社,"Minato City, Japan",https://stackoverflow.com/jobs/402129
バックエンドエンジニア　/　AIベンチャー,クライス&カンパニー,"Bunkyo City, Japan",https://stackoverflow.com/jobs/402128
PHPエンジニア(大阪)/システムインテグレータ・ソフトハウス,株式会社 ロジカルスタジオ,"Osaka, Japan",https://stackoverflow.com/jobs/402098
プログラマ,株式会社ヴァンガードテクノロジー,"Shibuya City, Japan",https://stackoverflow.com/jobs/402070
バックエンドエンジニア/インターネット/Webサービス・ASP,OLTA 株式会社,"Minato City, Japan",https://stackoverflow.com/jobs/401939
Software Engineer in Test/インターネット/Webサービス・ASP,BHI 株式会社,"Shibuya City, Japan",https://stackoverflow.com/jobs/401865
フロントエンジニア【沖縄オフィス立ち上げ決定!立ち上げメンバー募集】,CBcloud株式会社,"Naha, Japan",https://stackoverflow.com/jobs/375520
Full Stack Software Engineer,Idea Evolver,"Philadelphia, PA",https://stackoverflow.com/jobs/401824
Full Stack Software Engineer,Idea Evolver,"Brooklyn, NY",https://stackoverflow.com/jobs/401823
Front End Software Engineer,Idea Evolver,"Brooklyn, NY",https://stackoverflow.com/jobs/401822
Front End Software Engineer,Idea Evolver,"Philadelphia, PA",https://stackoverflow.com/jobs/401821
Full Stack Engineer (React Native / Python),Modus Create,No office location,https://stackoverflow.com/jobs/401813
Lead Full Stack Developer,Creative Mines,"Hancock, MI",https://stackoverflow.com/jobs/401809
Javascript Developer (Vue.js / Node.js),Lucky Orange LLC,"Overland Park, KS",https://stackoverflow.com/jobs/374387
Full Stack Developer,Creative Mines,"Hancock, MI",https://stackoverflow.com/jobs/401807
Senior Software Engineer,Indeed,"Austin, TX",https://stackoverflow.com/jobs/401791
Senior Full Stack Software Developer,EnginZyme,"Stockholm, Sweden",https://stackoverflow.com/jobs/401784
Software Developer*,3AP AG,"Beograd, Serbia",https://stackoverflow.com/jobs/237521
"Manager, Software Development",DATALINK SOFTWARE,"Tampa, FL",https://stackoverflow.com/jobs/394893
Développeur Web,Agfa HealthCare,"Poitiers, France",https://stackoverflow.com/jobs/365066
Senior Software Engineer,LINQ,No office location,https://stackoverflow.com/jobs/401765
Frontend Engineer,PayPay Corporation.,"Minato City, Japan",https://stackoverflow.com/jobs/292635
JavaScript Engineer for our ecommerce storefront  (f/m/d),ePages GmbH,"Hamburg, Germany",https://stackoverflow.com/jobs/123431
PHP Full Stack Developer Junior/Senior,LeasingMarkt.de GmbH,"Düsseldorf, Deutschland",https://stackoverflow.com/jobs/321226
Senior Fullstack Developer - Java / Kotlin / Javascript,teckro,"Dublin 2, Ireland",https://stackoverflow.com/jobs/401733
Senior Frontend Developer,VMRay,"Bochum, Deutschland",https://stackoverflow.com/jobs/401729
Full Stack PHP Web Developer,Outreach Inc,"Colorado Springs, CO",https://stackoverflow.com/jobs/364886
JavaScript Developer (m/w/x) Portal-Entwicklung,meinestadt.de GmbH,"Köln, Germany",https://stackoverflow.com/jobs/247475
アプリケーション開発エンジニア,株式会社ゴーリスト,"Chiyoda City, Japan",https://stackoverflow.com/jobs/384660
DevOpsエンジニア(開発運用スタッフ)/若手層~シニア層まで幅広く複数名募集,type転職エージェント,"Minato City, Japan",https://stackoverflow.com/jobs/321011
UI Front End Developer,Netedge Technology,"Ahmedabad, India",https://stackoverflow.com/jobs/401709
Webエンジニア,株式会社エヌ・ティー・エス,"Toshima City, Japan",https://stackoverflow.com/jobs/401640
【アプリケーションエンジニア】東証マザーズ上場IT企業の増員による求人情報,株式会社ユーザベース,"Minato City, Japan",https://stackoverflow.com/jobs/401601
Webアプリケーションエンジニア,株式会社ネクストビート,"Shibuya City, Japan",https://stackoverflow.com/jobs/401598
フロントエンドエンジニア,CROOZ EC Partners株式会社,"Shinagawa City, Japan",https://stackoverflow.com/jobs/401593
サーバーサイドエンジニア,CROOZ EC Partners株式会社,"Shinagawa City, Japan",https://stackoverflow.com/jobs/401591
バックエンドエンジニア,スタートバーン株式会社,"Bunkyo City, Japan",https://stackoverflow.com/jobs/401570
Railsエンジニア/インターネット/Webサービス・ASP,株式会社 クリプラ,"Shinjuku City, Japan",https://stackoverflow.com/jobs/401559
Frontend Developer e-Commerce (f/m/d),LILLYDOO GmbH,"Frankfurt am Main, Germany",https://stackoverflow.com/jobs/240569
Hiring Engineers for developing electronic medical recording system for vet,Pyxos Inc(ピクオス株式会社),"Minato City, Japan",https://stackoverflow.com/jobs/376081
SE 正社員 WEB面接OK 東京駅丸の内 フロントエンドエンジニア(Ruby on Rails Vue.js),株式会社ビーネックスソリューションズ,"Tokyo, Japan",https://stackoverflow.com/jobs/401552
スマートフォンアプリエンジニア[iOS/Android](常駐),株式会社メンバーズ 常駐型デジタルプロフェッショナルサービス,"Shinagawa City, Japan",https://stackoverflow.com/jobs/359949
Web開発エンジニア,KIYOラーニング株式会社,"Chiyoda City, Japan",https://stackoverflow.com/jobs/401518
エンジニアリングマネージャー,SBヒューマンキャピタル株式会社,"Minato City, Japan",https://stackoverflow.com/jobs/401516
【フルスタックエンジニア(大規模Webサービス)】株式会社ビットエー<五反田駅徒歩5分×残業少>,株式会社ヴィジョナリー,"Shinagawa City, Japan",https://stackoverflow.com/jobs/401473
FinTech Developer,OliBank,No office location,https://stackoverflow.com/jobs/384443
WEB-DEVELOPER/IN,dataformers GmbH,"Linz, Österreich",https://stackoverflow.com/jobs/320844
(Senior) Frontend Entwickler (m/w/d),COSNOVA GMBHviaHays plc,"Frankfurt am Main, Deutschland",https://stackoverflow.com/jobs/374102
.NET Developer,Typeqast,"Zagreb, Croatia",https://stackoverflow.com/jobs/336340
フロントエンドエンジニア/テックリード(東京勤務),株式会社クラッソーネ,"Chiyoda City, Japan",https://stackoverflow.com/jobs/393080
バックエンドエンジニア,GROOVEX株式会社,"中央区, Japan",https://stackoverflow.com/jobs/393078
Webエンジニア,株式会社 グランネット,"Osaka, Japan",https://stackoverflow.com/jobs/393060
Full stack developer,Massive Entertainment - A Ubisoft Studio,"Malmö, Sweden",https://stackoverflow.com/jobs/351634
(Senior) Software Engineer Backend/ Branche Banking,msg systems ag,"München, Deutschland",https://stackoverflow.com/jobs/384345
Java開発エンジニア(メンバー/リーダー),株式会社デジタルフォルン,"Chiyoda City, Japan",https://stackoverflow.com/jobs/393032
Tech Lead in a Danish Web app Department,Peytz & Co A/S,"Copenhagen, Denmark",https://stackoverflow.com/jobs/401362
JavaScript (React / Vue.js) Dev to build beautiful entertainment applications,Eve.io,"München, Germany",https://stackoverflow.com/jobs/381682
Senior Front-end Developer,AdsWizz,"Bucharest, Romania",https://stackoverflow.com/jobs/401357
Senior PHP Developer (m/f/d),GPORTAL,"München, Deutschland",https://stackoverflow.com/jobs/393017
Full Stack Software Developer - IoT (w/m/d) 80-100%,Husqvarna Schweiz AG,"Zürich, Schweiz",https://stackoverflow.com/jobs/401351
浜松町 総合予約サイト 機能拡張・運用等 PL,株式会社ビーネックスソリューションズ,"Minato City, Japan",https://stackoverflow.com/jobs/393016
業務アプリエンジニア(C#/JavaScript/SQL),SBヒューマンキャピタル株式会社,"Minato City, Japan",https://stackoverflow.com/jobs/401348
Developer / Programmer,Web Service Delhi,"New Delhi, India",https://stackoverflow.com/jobs/384287
エンジニア,株式会社セレス,"Setagaya City, Japan",https://stackoverflow.com/jobs/318453
webエンジニア,アクシスモーション株式会社,"Chiyoda City, Japan",https://stackoverflow.com/jobs/318253
BtoC向けWebサービス開発(Vue・React),株式会社アイソル,"Tokyo, Japan",https://stackoverflow.com/jobs/332493
PHP Developer (Laravel),Rediflex Consultiing Private Ltd,"Noida, India",https://stackoverflow.com/jobs/401303
【キャリア】ヤバいフロントエンドエンジニア,株式会社ISAO,"Taito City, Japan",https://stackoverflow.com/jobs/384150
Full Stack Developer,Codelogicx Technologies Pvt Ltd,"Kolkata, India",https://stackoverflow.com/jobs/401294
"Fresher – Software Developer (PHP/MySQL, eCommerce, WordPress)",Triple One Group,"Noida, India",https://stackoverflow.com/jobs/401283
Senior Web Developer,Izzardtech Solutions Pvt. Ltd.,"Surat, India",https://stackoverflow.com/jobs/401277
Front End Web Developer,Izzardtech Solutions Pvt. Ltd.,"Surat, India",https://stackoverflow.com/jobs/401276
Solutions Architect,One Connect,Singapore,https://stackoverflow.com/jobs/401268
Full Stack Nuxt JS Developer,Nacelle,No office location,https://stackoverflow.com/jobs/384138
Full-Stack Developer - Core Engineering Team (f/m/d),Receeve GmbH,"Hamburg, Germany",https://stackoverflow.com/jobs/351277
Backend Engineer – Core Engineering Team (f/m/d/),Receeve GmbH,"Hamburg, Germany",https://stackoverflow.com/jobs/351274
Senior Ruby on Rails Developers (m/f/d),DataGuard,"München, Germany",https://stackoverflow.com/jobs/331663
Senior Fullstack Developer (f/m/d),Greentube Internet Entertainment Solutions GmbH,"Wien, Austria",https://stackoverflow.com/jobs/383799
最先端SaaSプロダクトのシステム保守運用エンジニア,ランスタッド株式会社,"Fukuoka, Japan",https://stackoverflow.com/jobs/387996
Vue.js Developer,Green Web Media,"Noida, India",https://stackoverflow.com/jobs/383772
Vue.js Developer,Green Byte Web,"Noida, India",https://stackoverflow.com/jobs/383771
Urgent opening for Laravel Developer,Appinfini Technologies Private Limited,"Noida, India",https://stackoverflow.com/jobs/383727
Urgent Openings for Java Developer,IMNZU Technologies,"Hyderabad, India",https://stackoverflow.com/jobs/373754
Webエンジニア,株式会社ダトラ,"大阪市, Japan",https://stackoverflow.com/jobs/383632
Php Developers,Trinitymascot Consultancy Services,"Kochi, India",https://stackoverflow.com/jobs/339376
Full-Stack Software Engineer,FactSet,"Austin, TX",https://stackoverflow.com/jobs/350964
Staff Web Developer,SimpliSafe,"Boston, MA",https://stackoverflow.com/jobs/350954
Lawinensprengen am Smartphone (DevOps Engineer),Wyssen Seilbahnen AG,"Reichenbach im Kandertal, Schweiz",https://stackoverflow.com/jobs/344197
Senior Front-end Developer,Discovery Inc.,"Sterling, VA",https://stackoverflow.com/jobs/400835
Werkstudent Aviation (m/w/d),ISO-Gruppe,"Nürnberg, Deutschland",https://stackoverflow.com/jobs/350870
Lead Frontend Engineer,Web Summit,"Dublin, Ireland",https://stackoverflow.com/jobs/289346
Full Stack Entwickler - Front-End und funktionale Programmierung (m/w/d),AKRA GmbH,"Hamburg, Germany",https://stackoverflow.com/jobs/392756
Senior Frontend Engineer (m/w/d),grandcentrix GmbH,"Köln, Deutschland",https://stackoverflow.com/jobs/383558
Agiler Java Fullstack Entwickler (m/w/d) – Weinheim nähe Frankfurt,objective partner AG,"Weinheim, Deutschland",https://stackoverflow.com/jobs/383556
Full Stack Developer (with front-end inclinations),Discovery Inc.,"Sterling, VA",https://stackoverflow.com/jobs/401079
Full Stack -  more than 3-year Experience,Mazars,"Courbevoie, France",https://stackoverflow.com/jobs/282831
システム・コンサルタント,株式会社エム・エー・ディー,"Chuo City, Japan",https://stackoverflow.com/jobs/392693
プロダクトエンジニア,株式会社インター・ビュー,"Taito City, Japan",https://stackoverflow.com/jobs/401067
リードエンジニア(フロントエンド),株式会社node,"Minato City, Japan",https://stackoverflow.com/jobs/401064
フロントエンドエンジニア【Vue.js経験者歓迎】,株式会社ジオロジック,"Shibuya City, Japan",https://stackoverflow.com/jobs/338589
PHP Developer (Night shift),reknown organization,"Ahmedabad, India",https://stackoverflow.com/jobs/400899
PHP Laravel Developer,Techvoot Solutions,"Ahmedabad, India",https://stackoverflow.com/jobs/400898
Full Stack Developer,Inception Labs,"Chennai, India",https://stackoverflow.com/jobs/400885
Full Stack Developer,Amity Infosoft Pvt. Ltd.,"Surat, India",https://stackoverflow.com/jobs/400862
Sr. PHP Developer,Technotech India,"Surat, India",https://stackoverflow.com/jobs/400860
Senior Product Software Engineer,Wolters Kluwer,"Tampa, FL",https://stackoverflow.com/jobs/363673
Full stack Rails developer (n): Superhero poised to change the world,Simplero,"New York, NY",https://stackoverflow.com/jobs/400791
PHP Developer,CM.com,"Breda, Netherlands",https://stackoverflow.com/jobs/363618
"Frontend Developer (w/m/x), 80-100%",dreipol,"Zürich, Schweiz",https://stackoverflow.com/jobs/400706
Webアプリケーションエンジニア,エムスリーキャリア株式会社,"Minato City, Japan",https://stackoverflow.com/jobs/318082
Webエンジニア,シアトルコンサルティング株式会社,"Minato City, Japan",https://stackoverflow.com/jobs/317908
フロントエンドエンジニア,シアトルコンサルティング株式会社,"Minato City, Japan",https://stackoverflow.com/jobs/317398
システムエンジニア,株式会社スマートバリュー,"Chuo City, Japan",https://stackoverflow.com/jobs/392580
Modern .Net Core Senior Engineer,dunnhumby Ltd.,"London, UK",https://stackoverflow.com/jobs/206288
Frontend Web-Developer (m/w/d),rooom AG,"Jena, Deutschland",https://stackoverflow.com/jobs/392579
プログラマ,株式会社シンクラフト,"Shibuya City, Japan",https://stackoverflow.com/jobs/392568
Senior Frontend Developer (w/m/d),brandung GmbH & Co. KG,"Berlin, Deutschland",https://stackoverflow.com/jobs/363498
グローバル空調IoTプラットフォーム開発,ダイキン工業株式会社 本社江坂ビル,"Suita, Japan",https://stackoverflow.com/jobs/392531
システムエンジニア,株式会社1UP,"Kobe, Japan",https://stackoverflow.com/jobs/392519
Senior UI/UX Engineer,FactSet,"Frankfurt, Germany",https://stackoverflow.com/jobs/391972
"Frontend Developer interested in React, Vue or Svelte",5 Monkeys Agency AB,"Stockholm, Sweden",https://stackoverflow.com/jobs/350287
"Frontend Developer interested in React, Vue or Svelte",5 Monkeys Agency AB,"Göteborg, Sweden",https://stackoverflow.com/jobs/350284
Senior Full Stack Developer,Insider,"Kâğıthane, Turkey",https://stackoverflow.com/jobs/362698
Full Stack Developer,ABOUT YOU GmbH,"Hamburg, Deutschland",https://stackoverflow.com/jobs/355747
Full Stack Engineer,SpotMe,No office location,https://stackoverflow.com/jobs/114053
開発エンジニア,SORABITO株式会社,"Chuo City, Japan",https://stackoverflow.com/jobs/400585
フロントエンドエンジニア,クーコム株式会社,"Shibuya City, Japan",https://stackoverflow.com/jobs/400584
システムエンジニア,株式会社テクトレージ,"Yokohama, Japan",https://stackoverflow.com/jobs/400583
SE(ビジネスアプリケーション系),パーソル パナソニック HRパートナーズ株式会社 テクニカル事業本部,"Osaka, Japan",https://stackoverflow.com/jobs/400582
iOSアプリエンジニア(SwiftUI・Swift-GraphQLでアプリ開発ができるようになりたい人募集!),株式会社メイツ,"Shinjuku City, Japan",https://stackoverflow.com/jobs/400578
新卒採用 エンジニア,株式会社セレス,"Setagaya City, Japan",https://stackoverflow.com/jobs/350679
サーバーサイドエンジニア,株式会社チェンジ,"Minato City, Japan",https://stackoverflow.com/jobs/400563
フロントエンドエンジニア/アシスタントマネージャー,株式会社ラクス,"Shibuya City, Japan",https://stackoverflow.com/jobs/400557
フロントエンドエンジニア,株式会社ラクス,"Shibuya City, Japan",https://stackoverflow.com/jobs/400556
動画配信システムの開発(React/Node.js),株式会社キャリアデザインITパートナーズ,"Shibuya City, Japan",https://stackoverflow.com/jobs/400552
サービスを成長させるためのフルスタックエンジニア募集,DOC株式会社,"千代田区, Japan",https://stackoverflow.com/jobs/400537
Frontend Engineer,"GridUnity, Inc","Boston, MA",https://stackoverflow.com/jobs/400405
Full Stack Engineer,"GridUnity, Inc","Boston, MA",https://stackoverflow.com/jobs/400404
Integration Developer - .Net,Orchard Marketing,"Pyrmont, Australia",https://stackoverflow.com/jobs/362979
フロントエンドエンジニア(AngularJS 、React、Vue.js),MF KESSAI株式会社,"Chiyoda City, Japan",https://stackoverflow.com/jobs/338587
Frontend Developer,Weblink Solutions,"Hyderabad, India",https://stackoverflow.com/jobs/326729
Java/Front End Developer,Institutional Shareholder Services Inc,"Mumbai, India",https://stackoverflow.com/jobs/366877
Full Stack Developer - Java Script,Richpanel,"Mumbai, India",https://stackoverflow.com/jobs/400273
Lead Engineer - UI,Gainsight,"Hyderabad, India",https://stackoverflow.com/jobs/400240
Engineering Manager - eCommerce Platform,"Yum! Brands, Inc.","Chicago, IL",https://stackoverflow.com/jobs/391993
Lead Software Engineer - Join our growing team of 30+ developers,Tails.com,"Richmond, UK",https://stackoverflow.com/jobs/391983
(Senior) Fullstack Software Engineer (f/m) 80-100%,Tamedia,"Zürich, Switzerland",https://stackoverflow.com/jobs/400109
Sr Front End Developer (Angular / React),HaysviaHays plc,"Orlando, FL",https://stackoverflow.com/jobs/373234
Senior Full Stack Developer,Dyson,"Bristol, UK",https://stackoverflow.com/jobs/363120
"時給3,300円 C#/即日/ウェアラブル医療機器の開発",株式会社エーティーエス,"Tachikawa, Japan",https://stackoverflow.com/jobs/391914
Fullstack Developer,best it GmbH & Co. KG,"Siegburg, Deutschland",https://stackoverflow.com/jobs/373200
Fullstack Developer,best it GmbH & Co. KG,"Siegburg, Deutschland",https://stackoverflow.com/jobs/373199
Laravel Developer,Webgen Technologies Pvt Ltd.,"Kolkata, India",https://stackoverflow.com/jobs/400035
Frontend Developer,Global Scale Solutions GmbH,"München, Germany",https://stackoverflow.com/jobs/287543
Senior Front End Developer,Orchard Marketing,"Pyrmont, Australia",https://stackoverflow.com/jobs/362978
Senior Front End UI Developer,"OpsRamp, Inc.","Hyderabad, India",https://stackoverflow.com/jobs/322768
"システム開発(Web・オープン系,汎用系)",パーソル パナソニック HRパートナーズ株式会社,"Osaka, Japan",https://stackoverflow.com/jobs/399954
SE,株式会社ビジュアルリサーチ,"Yokohama, Japan",https://stackoverflow.com/jobs/399943
システムエンジニア,株式会社ロンバード,"Shinagawa City, Japan",https://stackoverflow.com/jobs/399813
フロントエンドエンジニア,ユニオンテック株式会社,"Shinjuku City, Japan",https://stackoverflow.com/jobs/382974
Java開発エンジニアリード,パーソルキャリア株式会社,"Tokyo, Japan",https://stackoverflow.com/jobs/317068
Senior PHP Developer,Software Cubes,"Chennai, India",https://stackoverflow.com/jobs/382858
Full Stack Developer (Data Focus),"Sands Capital Management, LLC","Arlington, VA",https://stackoverflow.com/jobs/299774
Hackers wanted - Software Engineers (m/f/d) & Machine Learning Experts (m/f/d),freiheit.com technologies gmbh,"Hamburg, Deutschland",https://stackoverflow.com/jobs/165266
PHP Developer (JavaScript/HTML/and CSS),HaysviaHays plc,"Raleigh, NC",https://stackoverflow.com/jobs/373020
Senior backend PHP developer,Debunk.eu,"Vilnius, Lithuania",https://stackoverflow.com/jobs/373019
Sr Full Stack Systems Architect (Angular/Vue.js/React),HaysviaHays plc,"Raleigh, NC",https://stackoverflow.com/jobs/373017
Sr. Frontend Developer,Pivot Design,"Chicago, IL",https://stackoverflow.com/jobs/267169
Full Stack Developer,DataRemote Inc,"Palmetto Bay, FL",https://stackoverflow.com/jobs/373005
Solution Architect,Citizens Bank,"Providence, RI",https://stackoverflow.com/jobs/391699
Hackers wanted - Software Engineers (m/f/d) & Machine Learning Experts (m/f/d),freiheit.com technologies gmbh,"Lissabon, Portugal",https://stackoverflow.com/jobs/254089
Hackers wanted-Looking for a Senior Developer (m/f/d) with Team Lead Experience!,freiheit.com technologies gmbh,"Hamburg, Deutschland",https://stackoverflow.com/jobs/91520
Hackers wanted-Looking for a Senior Developer (m/f/d) with Team Lead Experience!,freiheit.com technologies gmbh,"Lissabon, Portugal",https://stackoverflow.com/jobs/197741
WEB DEVELOPER BERLIN - Full Stack Front/Back End - Vue.js Laravel (m/f/d),CHEQSITE GmbH,"Berlin, Deutschland",https://stackoverflow.com/jobs/399730
PHP Software Engineer - Book & Stay,trivago N.V.,"Düsseldorf, Germany",https://stackoverflow.com/jobs/399719
Senior Software Developer,DCSL Software Ltd,"London, UK",https://stackoverflow.com/jobs/399681
Senior Frontend Developer (m/w/d),Neofonie,"Berlin, Deutschland",https://stackoverflow.com/jobs/399676
Front End Gosu,reppa.net GmbH,"München, Deutschland",https://stackoverflow.com/jobs/365543
"Software Engineer, Full Stack (Business Intelligence Product)",Centre for Strategic Infocomm Technologies (CSIT),Singapore,https://stackoverflow.com/jobs/391640
Software Engineer (Cybersecurity Operations Systems),Centre for Strategic Infocomm Technologies (CSIT),Singapore,https://stackoverflow.com/jobs/391609
Senior Software Engineer (Command and Control Systems),Centre for Strategic Infocomm Technologies (CSIT),Singapore,https://stackoverflow.com/jobs/391605
Frontend Developer (Information Processing & Analytics),Centre for Strategic Infocomm Technologies (CSIT),Singapore,https://stackoverflow.com/jobs/391305
Webアプリケーションエンジニア(検索広告事業),Supershipグループ,"Minato City, Japan",https://stackoverflow.com/jobs/382648
"時給3,200円 私服OK 交通費/サーバーサイドエンジニア",株式会社エーティーエス,"Chuo City, Japan",https://stackoverflow.com/jobs/382637
webエンジニア,合同会社DMM.com,"Minato City, Japan",https://stackoverflow.com/jobs/382632
飲食店の未来をテクノロジーで創造|モバイルオーダーサービス開発のテックリード,株式会社Showcase Gig,"Minato City, Japan",https://stackoverflow.com/jobs/382630
Laravelを使ったサーバーレス開発を推進するバックエンドエンジニア,カレント自動車株式会社,"Shibuya City, Japan",https://stackoverflow.com/jobs/382628
PHP Developer,GRCO Tech,"Pune, India",https://stackoverflow.com/jobs/399591
Senior Software Engineer (Python),Back Market,"Paris, France",https://stackoverflow.com/jobs/347057
MEAN Stack Developer,Knick Global,"Sahibzada Ajit Singh Nagar, India",https://stackoverflow.com/jobs/399577
"Lead Polyglot Software Engineers – TDD, XP, JavaScript",Pragmateam,"Sydney, Australia",https://stackoverflow.com/jobs/399570
Web Developer,Raja Software Labs,"Pune, India",https://stackoverflow.com/jobs/337743
Webエンジニア(機械学習),株式会社ロンバード,"Shinagawa City, Japan",https://stackoverflow.com/jobs/399531
Software Engineer,Affinitiv,"Clearwater, FL",https://stackoverflow.com/jobs/399504
Full Stack Engineer,Nirveda Cognition,"Glendale, CA",https://stackoverflow.com/jobs/362202
Mid-Senior Full Stack Developer - Django/VUE.js - 100% remote + flexible hours,ROI Developers,No office location,https://stackoverflow.com/jobs/361431
Software Engineer/ Architect,Daugherty Business Solutions,"Creve Coeur, MO",https://stackoverflow.com/jobs/382530
Senior Frontend Developer,Jumbo Supermarkets,"Veghel, Netherlands",https://stackoverflow.com/jobs/306562
"Dev web fullstack C# (Asp.net, Typescript), pour sauver des vies !",Deeplink Medical,"Lyon, France",https://stackoverflow.com/jobs/362130
Engineering Manager - Cloud Infrastructure,Back Market,"Paris, France",https://stackoverflow.com/jobs/198320
Senior Front-End Engineer,Back Market,"Paris, France",https://stackoverflow.com/jobs/283837
Senior Frontend Softwareentwickler Automotive (m/w/d),msg DAVID GmbH,"Braunschweig, Deutschland",https://stackoverflow.com/jobs/337459
(Senior) Javascript Entwickler (m/w/d) mit vue.js Know How,Netfonds AG,"Hamburg, Deutschland",https://stackoverflow.com/jobs/307703
Senior Web Developer,Openweb Solutions,"Kolkata, India",https://stackoverflow.com/jobs/382491
Webエンジニア,株式会社メンバーズ メンバーズエッジカンパニー,"Yokohama, Japan",https://stackoverflow.com/jobs/382316
"サーバーサイドエンジニア[東京](Software Engineer, Backend)",株式会社Holmes,"Chiyoda City, Japan",https://stackoverflow.com/jobs/319847
Senior Web Developer - PHP Laravel,Cybase Technologies,"Kochi, India",https://stackoverflow.com/jobs/399388
エンジニアリングマネージャ[東京](Engineering Manager),株式会社Holmes,"Chiyoda City, Japan",https://stackoverflow.com/jobs/391597
エンジニア/中途 フロント基盤の全面刷新を行うJavaScriptエンジニア,オイシックス・ラ・大地株式会社,"Shinagawa City, Japan",https://stackoverflow.com/jobs/349175
FULL STACK PHP DEVELOPER,SQL Computech,"Ahmedabad, India",https://stackoverflow.com/jobs/337033
AEM Architect,Big Zeta,"Portland, OR",https://stackoverflow.com/jobs/348978
Frontend Developer,Digital Media Solutions,"Miami, FL",https://stackoverflow.com/jobs/365634
Frontend Developer,Digital Media Solutions,"San Diego, CA",https://stackoverflow.com/jobs/365635
Full Stack Software Developer - Java (all genders) Full-/Part-time,Accenture DACH,"Zürich, Switzerland",https://stackoverflow.com/jobs/391300
Solution Architect H/F,ENGIE Digital,"Paris, France",https://stackoverflow.com/jobs/399224
Full Stack Web Developer (m/w/d),EyeC GmbH,"Hamburg, Deutschland",https://stackoverflow.com/jobs/322237
Frontend Web Developer (m/w/d),EyeC GmbH,"Hamburg, Deutschland",https://stackoverflow.com/jobs/242084
.Net Full Stack developer (m/w/d),EyeC GmbH,"Hamburg, Deutschland",https://stackoverflow.com/jobs/236849
"Développeuse / Développeur Full Stack (Java, Angular) - Paris",Zenika,"Paris, France",https://stackoverflow.com/jobs/352667
"Webentwickler (m/w/d) JavaScript, React und/oder Vue.js",auteon GmbH,"Berlin, Deutschland",https://stackoverflow.com/jobs/399174
"Webentwickler (m/w/d) JavaScript, React und/oder Vue.js",auteon GmbH,"München, Deutschland",https://stackoverflow.com/jobs/399173
PHP Developer (w/*/m),queo GmbH,"Dresden, Deutschland",https://stackoverflow.com/jobs/399160
Senior Python Software Engineer - Join our growing team of 30+ developers,Tails.com,"Richmond, UK",https://stackoverflow.com/jobs/254448
Senior Front-end Developer,VinIDviaTopDev,"Hai Bà Trưng, Vietnam",https://stackoverflow.com/jobs/399056
Full-Stack Developer (Elixir/ Ruby),Mindvalley,No office location,https://stackoverflow.com/jobs/399156
PHP Developer,Debut Infotech,"Sahibzada Ajit Singh Nagar, India",https://stackoverflow.com/jobs/399144
PHP Developer,Ecotech IT Solutions Pvt. Ltd.,"Pune, India",https://stackoverflow.com/jobs/399114
WordPress Developer,Templatic,"Surat, India",https://stackoverflow.com/jobs/399107
即日スタート/10時始業/交通費 システム・ECサイト開発,株式会社エーティーエス,"Osaka, Japan",https://stackoverflow.com/jobs/382114
Frontend Web Developer (m/f/x),refurbed,"Wien, Österreich",https://stackoverflow.com/jobs/361674
Front-End Ruby Developer,Supply Clinic,"Chicago, IL",https://stackoverflow.com/jobs/372318
Full-Stack Ruby on Rails Developer,Supply Clinic,"Chicago, IL",https://stackoverflow.com/jobs/372317
Ingénieur(e) Infra / DevOps / SRE (H/F),Deeplink Medical,"Lyon, France",https://stackoverflow.com/jobs/372316
Senior Frontend Engineer (f/m/d),keylight GmbH,"Berlin, Germany",https://stackoverflow.com/jobs/127921
Lead Developer Ruby on Rails (m/f/div),PAIR Finance GmbH,"Berlin, Deutschland",https://stackoverflow.com/jobs/303965
PHP Developer,UniPartners IT-Services NV,"Vilvoorde, Belgium",https://stackoverflow.com/jobs/303824
.NET Developer,UniPartners IT-Services NV,"Vilvoorde, Belgium",https://stackoverflow.com/jobs/303810
Frontend Engineer (m/f/d),GEDANKENtanken GmbH,"Köln, Deutschland",https://stackoverflow.com/jobs/348313
Experienced Software Engineer in Tokyo,HTM Corporation,"Minato, Japan",https://stackoverflow.com/jobs/204322
Front-End Web Developer (all genders) Full-/Part-time,Accenture DACH,"Frankfurt, Germany",https://stackoverflow.com/jobs/391299
Front-end Developer (Core Product),HostingerviaWork in Lithuania,"Kaunas, Lithuania",https://stackoverflow.com/jobs/381653
サーバーサイド エンジニア (ブロックチェーン事業),株式会社テコテック,"Minato City, Japan",https://stackoverflow.com/jobs/381609
オープンポジション,type転職エージェント,"Shinjuku City, Japan",https://stackoverflow.com/jobs/391240
PHP Laravel Backend Developer 2-4yr for Fantasy Sport Games,MyExpert11 (Sportena Fantasy Pvt Ltd),"Noida, India",https://stackoverflow.com/jobs/399041
Node JS Developer,Hyse Software Solutions,"Hyderabad, India",https://stackoverflow.com/jobs/395984
"Staff Requirement for Web Developer, Designer, Content Writer & SEO",RRahi Associates,"Surat, India",https://stackoverflow.com/jobs/398994
Full stack developer,Relianttech,"Chennai, India",https://stackoverflow.com/jobs/398981
Senior Front-end Engineer,XMind Ltd.,"Shenzhen Shi, China",https://stackoverflow.com/jobs/372168
サーバーサイドエンジニア(Java),株式会社アイスタイル,"Minato City, Japan",https://stackoverflow.com/jobs/340671
Junior Software Engineer in Tokyo,HTM Corporation,"Minato, Japan",https://stackoverflow.com/jobs/204320
Backend- oder Full-Stack-Entwickler PHP  (w/m/d) in Dortmund,kolossal GmbH,"Dortmund, Deutschland",https://stackoverflow.com/jobs/372164
Experienced Frontend Developer with strong CSS skills (m/f),Typeqast,"Zagreb, Croatia",https://stackoverflow.com/jobs/335842
Fullstack Developer für führendes E-Commerce Unternehmen,Sportspar GmbH,"Leipzig, Deutschland",https://stackoverflow.com/jobs/347860
フロントエンドエンジニア,HENNGE K.K.,"Tokyo, Japan",https://stackoverflow.com/jobs/381284
Front-End Software Engineer,HENNGE K.K.,"Tokyo, Japan",https://stackoverflow.com/jobs/381280
ITスペシャリスト (メンバー/リーダー候補),株式会社Works Human Intelligence,"Nagoya, Japan",https://stackoverflow.com/jobs/381211
セキュリティエンジニア (メンバー),株式会社Works Human Intelligence,"Minato City, Japan",https://stackoverflow.com/jobs/381210
SRE(Site Reliability Engineer)エンジニア (メンバー),株式会社Works Human Intelligence,"Minato City, Japan",https://stackoverflow.com/jobs/381207
【週休3日!・横浜・やる気、センス重視・2021新卒】Webエンジニア,株式会社ベイストリーム,"Yokohama, Japan",https://stackoverflow.com/jobs/381188
社内ツール開発エンジニア (メンバー),株式会社Works Human Intelligence,"Minato City, Japan",https://stackoverflow.com/jobs/381183
Full Stack Developer,DataSprouts,"Hyderabad, India",https://stackoverflow.com/jobs/372062
Web Development Frontend Engineer,WOVN.io,"Minato City, Japan",https://stackoverflow.com/jobs/360922
Web Development Backend Engineer,WOVN.io,"Minato City, Japan",https://stackoverflow.com/jobs/360921
4 Full Stack Software Engineers (m/f),AIRBUS,"Toulouse, France",https://stackoverflow.com/jobs/303143
エンジニア(フロントエンド),株式会社レシカ,"Chiyoda City, Japan",https://stackoverflow.com/jobs/398288
218 「 次世代プラットフォーム開発プロジェクト フロントエ...,合同会社DMMGAMES,"Minato City, Japan",https://stackoverflow.com/jobs/398284
フロントエンドエンジニア,株式会社うるる,"Chuo City, Japan",https://stackoverflow.com/jobs/398269
コーポレートエンジニア,株式会社うるる,"Chuo City, Japan",https://stackoverflow.com/jobs/398268
研究開発(R&D)エンジニア,アイレット株式会社,"Minato City, Japan",https://stackoverflow.com/jobs/376015
フロントエンド・リードエンジニア,株式会社うるる,"Chuo City, Japan",https://stackoverflow.com/jobs/398265
Webプログラマ,リビン・テクノロジーズ株式会社,"Chuo City, Japan",https://stackoverflow.com/jobs/398261
Webアプリエンジニア募集,株式会社セルシス,"Shinjuku City, Japan",https://stackoverflow.com/jobs/398215
Full Stack Javascript Developer,Formstack,"Fishers, IN",https://stackoverflow.com/jobs/398173
Front End Engineer,SightPlan,"Orlando, FL",https://stackoverflow.com/jobs/347583
Software Engineer,IPD Analytics,"Miami, FL",https://stackoverflow.com/jobs/347671
Senior Software Engineer,Keelvar,"Cork, Ireland",https://stackoverflow.com/jobs/398164
Leader de la Performance des Ventes du Pays H/F,IKEA,"Plaisir, France",https://stackoverflow.com/jobs/398151
Principal Software Engineer,Citizens Bank,"Westwood, MA",https://stackoverflow.com/jobs/398131
SENIOR SOFTWARE DEVELOPER – C#.NET,FELFEL,"Zürich, Switzerland",https://stackoverflow.com/jobs/398126
Principal Network Engineer,Citizens Bank,"Providence, RI",https://stackoverflow.com/jobs/398125
Cloud Network Architect,Citizens Bank,"Providence, RI",https://stackoverflow.com/jobs/398124
SENIOR FULL STACK ENGINEER (.NET),FELFEL,"Zürich, Switzerland",https://stackoverflow.com/jobs/398119
Sr Front End Developer (Angular / React),HaysviaHays plc,"Orlando, FL",https://stackoverflow.com/jobs/398093
Junior Frontend Developer (m/w/d),7P.konzepte GmbH,"Dortmund, Deutschland",https://stackoverflow.com/jobs/390709
Softwareentwickler (m/w/d),AM GmbH,"Hamburg, Deutschland",https://stackoverflow.com/jobs/380999
Full Stack Software Engineer,Mimacom,"Madrid, Spain",https://stackoverflow.com/jobs/390672
Senior Frontend-Entwickler (m/w/d),Ippen Digital GmbH & Co. KG,"München, Deutschland",https://stackoverflow.com/jobs/380986
Laravel Developer,trileotech,"Ahmedabad, India",https://stackoverflow.com/jobs/397922
Full Stack Developer,Nurole Ltd,"London, UK",https://stackoverflow.com/jobs/331256
Senior Full Stack PHP Developer,BEO software,"Kochi, India",https://stackoverflow.com/jobs/323926
Senior Software Engineer (Ruby on Rails),PeerstreetviaStott and May Inc.,"El Segundo, CA",https://stackoverflow.com/jobs/371848
Flutter Working Student (m/f/d),BlueGo UG,"München, Deutschland",https://stackoverflow.com/jobs/371838
Full Stack Developer,PrizeLogic,"Scottsdale, AZ",https://stackoverflow.com/jobs/397846
Front-End Developer,"Bluebeam, Inc.","Pasadena, CA",https://stackoverflow.com/jobs/361433
Frontend Engineer,Nuxeo,"Lisbon, Portugal",https://stackoverflow.com/jobs/313924
Sr. Software Engineer,VisuWell,"Chattanooga, TN",https://stackoverflow.com/jobs/274406
"Senior Software Engineer- JavaScript, Angular, Vue.js",FactSet,"London, UK",https://stackoverflow.com/jobs/360118
Senior Back-end Engineer,"Autify, Inc.","Tokyo, Japan",https://stackoverflow.com/jobs/380861
Senior Node.js Developer (Remote),X-Team,No office location,https://stackoverflow.com/jobs/197763
Senior Python Developer (Remote),X-Team,No office location,https://stackoverflow.com/jobs/203899
Senior Go Developer (Remote),X-Team,No office location,https://stackoverflow.com/jobs/235208
Senior Angular Developer (Remote),X-Team,No office location,https://stackoverflow.com/jobs/289869
Senior Fullstack Developer (m/f/d) - Stage Curation,SPRING | Axel Springer,"Berlin, Deutschland",https://stackoverflow.com/jobs/360044
Front End Developer (React Native),Plus65 Interactive Pte Ltd,"Kuala Selangor, Malaysia",https://stackoverflow.com/jobs/390266
Webアプリケーション開発フロントエンドエンジニア,株式会社Widsley,"Shibuya City, Japan",https://stackoverflow.com/jobs/390229
Javascript and Node js,FactSet,"Hyderabad, India",https://stackoverflow.com/jobs/359989
AWSエンジニア,株式会社キュービック,"Shinjuku City, Japan",https://stackoverflow.com/jobs/397789
WEB系プログラマ(JAVA、PHP:新大阪、未経験OK,スキルシステムズ　株式会社,"Osaka, Japan",https://stackoverflow.com/jobs/397756
Front-End Web Developer,Maxwell GeoSystems,"Kochi, India",https://stackoverflow.com/jobs/380733
Frontend Developer - React JS/ NodeJS,Aptus Health,"Navi Mumbai, India",https://stackoverflow.com/jobs/359801
Sr. Full-Stack Engineer / Developer / Tech Lead / Team Lead,Armentum,"Bengaluru, India",https://stackoverflow.com/jobs/397697
Junior Software Engineer for Micro Frontends,smapiot,"München, Germany",https://stackoverflow.com/jobs/278008
Software Engineer for Next Gen. Distributed Web Apps,smapiot,"München, Germany",https://stackoverflow.com/jobs/272468
Software Developer (Remote or Onsite),Aptera Software,"Fort Wayne, IN",https://stackoverflow.com/jobs/246026
(Senior) Python Engineer / Architect (m/f/x) for Logistics #StaySafe,"AVANTGARDE - ""Creating Fans""","Berlin, Deutschland",https://stackoverflow.com/jobs/283674
Software Engineer Manager,Sharp Notions LLC,"Fairport, NY",https://stackoverflow.com/jobs/371581
Front End Web Developer,Xactware,"Lehi, UT",https://stackoverflow.com/jobs/293752
Full-Stack Developer,CoStar Group,"Richmond, VA",https://stackoverflow.com/jobs/359614
Techlead / Senior Frontend Developer (m/f/x) Vue.js  #StaySafe,"AVANTGARDE - ""Creating Fans""","Berlin, Deutschland",https://stackoverflow.com/jobs/277002
Softwareentwickler (m/w/d) Frontend TypeScript,Hetzner Cloud GmbH,"Unterföhring, Deutschland",https://stackoverflow.com/jobs/359590
Mid- / Senior PHP Web Developer,Energy Gruppe Schweiz,"Zürich, Switzerland",https://stackoverflow.com/jobs/371108
.Net Software Developer,eDerm Systems,"Boca Raton, FL",https://stackoverflow.com/jobs/357993
Fullstack Developer,best it GmbH & Co. KG,"Velen, Deutschland",https://stackoverflow.com/jobs/371547
Fullstack Developer,best it GmbH & Co. KG,"Berlin, Deutschland",https://stackoverflow.com/jobs/368833
Solution Architect (f/m/diverse),Eurowings Digital GmbH,"Köln, Deutschland",https://stackoverflow.com/jobs/368535
iOS Engineer,Durstexpress GmbH,"Berlin, Germany",https://stackoverflow.com/jobs/364025
Infrastructure Engineer (m/f/o),Agrando,"München, Germany",https://stackoverflow.com/jobs/316336
Full Stack Developer / Softwareentwickler (m/w/d) für Daten Management,AbbVie Deutschland GmbH & Co. KG,"Ludwigshafen am Rhein, Deutschland",https://stackoverflow.com/jobs/397505
サーバーサイドエンジニア / 会計システム開発 / コーポレート,LINE株式会社,"Shinjuku City, Japan",https://stackoverflow.com/jobs/310085
Railsエンジニア,株式会社クリプラ,"Shinjuku City, Japan",https://stackoverflow.com/jobs/368718
社内管理,株式会社ビーネックスソリューションズ,"Minato City, Japan",https://stackoverflow.com/jobs/397450
Full stack developer,Indee Technologies,"Bengaluru, India",https://stackoverflow.com/jobs/380383
サーバサイドエンジニア(リードエンジニア),株式会社アドウェイズ,"Shinjuku City, Japan",https://stackoverflow.com/jobs/313276
Front End Developer,DIATOZ SOLUTIONS PVT LTD,"Bengaluru, India",https://stackoverflow.com/jobs/397418
Php developer,Snr Square Private Limited,"Bengaluru, India",https://stackoverflow.com/jobs/397411
Android Developer,Sinelogix technologies,"Bengaluru, India",https://stackoverflow.com/jobs/397398
Senior Web Developer,Omicron,"Orlando, FL",https://stackoverflow.com/jobs/339325
Senior Full Stack Engineer (Remote OR NYC),Noom,"New York, NY",https://stackoverflow.com/jobs/283522
Frontend Software Engineer (WebGL 3D WebApp) - 360 Documentation in Construction,bitstars GmbH - a HoloBuilder company,"Aachen, Germany",https://stackoverflow.com/jobs/313141
Frontend Developer: AI marketing video platform,OpsTalent,"Wrocław, Poland",https://stackoverflow.com/jobs/350853
Full Stack Ruby on Rails Engineer (f/m/d),On Running,"Berlin, Germany",https://stackoverflow.com/jobs/334429
Senior Go Backend Developer (m/f/x),refurbed,"Wien, Österreich",https://stackoverflow.com/jobs/287208
MVC PHP Developer,Crest Infosystems,"Surat, India",https://stackoverflow.com/jobs/346519
EOI - Software Engineer and/or Developer,carsales.com Ltd,"Cremorne, Australia",https://stackoverflow.com/jobs/380039
Webエンジニア/インターネット/Webサービス・ASP,株式会社 アトラエ,"Minato City, Japan",https://stackoverflow.com/jobs/397264
サーバーサイドエンジニア,type転職エージェント,"Chiyoda City, Japan",https://stackoverflow.com/jobs/397262
Laravel - VueJS - Senior PHP Developer,Ayuca LTD,"Kolkata, India",https://stackoverflow.com/jobs/383053
MEAN Stack Developer,Intlum Technology Pvt Ltd,"Kolkata, India",https://stackoverflow.com/jobs/397093
WordPress Plugin Developer,Western Deal Web Solution Private Limited,"Surat, India",https://stackoverflow.com/jobs/375469
Analytics Engineer: Javascript - Full Stack,InfoTrust LLC,No office location,https://stackoverflow.com/jobs/389738
Développeur Front-End Angular,AIM Services SA,"Geneva, Switzerland",https://stackoverflow.com/jobs/371113
Senior Java Web Developer,Cloudflight GmbH,"Wien, Austria",https://stackoverflow.com/jobs/379661
ITエンジニア,AsianStream株式会社,"Minato City, Japan",https://stackoverflow.com/jobs/389673
新規プロダクトの開発エンジニア,type転職エージェント,"Shinjuku City, Japan",https://stackoverflow.com/jobs/389672
フロントエンドエンジニア,TOWN株式会社,"Chuo City, Japan",https://stackoverflow.com/jobs/389671
Solution Architect,DCSL Software Ltd,"London, UK",https://stackoverflow.com/jobs/397028
Frontend Developer (m/w/d),Tchibo GmbH,"Hamburg, Deutschland",https://stackoverflow.com/jobs/333785
Développeuse / Développeur Full Stack (JavaScript) - Paris,Zenika,"Paris, France",https://stackoverflow.com/jobs/371046
Lead Vue.js / PHP developer,HUBX,No office location,https://stackoverflow.com/jobs/397027
"Web Developer (Laravel, VueJS)",WESLINK GmbH,"Coesfeld, Deutschland",https://stackoverflow.com/jobs/371041
Webアプリケーション開発フルスタックエンジニア,株式会社Widsley,"Shibuya City, Japan",https://stackoverflow.com/jobs/389652
JS Developer - Investment App (m/f/x),Exporo AG,"Hamburg, Deutschland",https://stackoverflow.com/jobs/333739
【バイト】実務未経験OK!自社開発アプリを支えるサーバーサイドエンジニア,株式会社メイツ,"Shinjuku City, Japan",https://stackoverflow.com/jobs/389602
Frontend Developer (m/f/d),WPS Management GmbH,"Paderborn, Germany",https://stackoverflow.com/jobs/293572
"Software Engineer, Frontend",株式会社メルカリ,"Minato City, Japan",https://stackoverflow.com/jobs/389571
業務推進　WEBデザイナー,株式会社 FAN・DREAM,"Meguro City, Japan",https://stackoverflow.com/jobs/396969
Sr. Laravel Developer,Capital Numbers Infotech,"Kolkata, India",https://stackoverflow.com/jobs/379559
Full Stack Web Developer,"Art & Logic, Inc.",No office location,https://stackoverflow.com/jobs/370918
ソフトウェア/インフラエンジニア,株式会社フロムスクラッチ,"Shinjuku City, Japan",https://stackoverflow.com/jobs/379426
コンテンツプラットフォームエンジニア,株式会社Gunosy,"Minato City, Japan",https://stackoverflow.com/jobs/375681
(RetailTechプロダクト),type転職エージェント,"Minato City, Japan",https://stackoverflow.com/jobs/379380
Software Engineer (Cyber Security),Surevine,"London, UK",https://stackoverflow.com/jobs/346002
Javascript Developer - Angular or Node.js,Arcanys,"Ho Chi Minh City, Vietnam",https://stackoverflow.com/jobs/243364
Javascript Developer - Angular or Node.js,Arcanys,"Cebu City, Philippines",https://stackoverflow.com/jobs/243375
Full-Stack Web Developer Java,WPS Management GmbH,"Paderborn, Germany",https://stackoverflow.com/jobs/125395
Frontend Developer (m/w/d) in Halle (Saale),Relaxdays GmbH,"Halle (Saale), Deutschland",https://stackoverflow.com/jobs/201379
サーバサイドエンジニア,ソウルドアウト株式会社,"Chiyoda City, Japan",https://stackoverflow.com/jobs/378642
Full Stack PHP Developer,DesktopRemoto S.r.l.,"Lomazzo, Italy",https://stackoverflow.com/jobs/396797
